 * Serving Flask app 'main'
 * Debug mode: off
INFO:werkzeug:[31m[1mWARNING: This is a development server. Do not use it in a production deployment. Use a production WSGI server instead.[0m
 * Running on all addresses (0.0.0.0)
 * Running on http://127.0.0.1:5003
 * Running on http://172.18.0.4:5003
INFO:werkzeug:[33mPress CTRL+C to quit[0m
INFO:__main__:ai identified app as: tournament
ERROR:__main__:schema validation failed: Additional properties are not allowed ('kind', 'metadata', 'monitorings', 'nativeSidecarContainers', 'permissions', 'podManagementPolicy', 'readinessGate', 'replicas', 'scheduling', 'secrets', 'strategy', 'terminationGracePeriodSeconds', 'topologySpread' were unexpected)

Failed validating 'additionalProperties' in schema:
    {'additionalProperties': False,
     'default': {},
     'properties': {'ingresses': {'additionalProperties': False,
                                  'default': {},
                                  'properties': {'albs': {'additionalProperties': False,
                                                          'default': {},
                                                          'properties': {},
                                                          'type': 'object'},
                                                 'nginxes': {'additionalProperties': False,
                                                             'default': {},
                                                             'properties': {},
                                                             'type': 'object'}},
                                  'required': ['nginxes', 'albs'],
                                  'type': 'object'},
                    'namespace': {'type': 'string'},
                    'serviceEnv': {'type': 'string'},
                    'serviceGroup': {'type': 'string'},
                    'services': {'additionalProperties': False,
                                 'default': {},
                                 'properties': {'natives': {'additionalProperties': False,
                                                            'default': {},
                                                            'properties': {},
                                                            'type': 'object'},
                                                'nlbs': {'additionalProperties': False,
                                                         'default': {},
                                                         'properties': {'tournament': {'additionalProperties': False,
                                                                                       'default': {},
                                                                                       'properties': {'accessLogs': {'anyOf': [{'additionalProperties': False,
                                                                                                                                'default': {},
                                                                                                                                'properties': {'enabled': {'const': False,
                                                                                                                                                           'default': False,
                                                                                                                                                           'type': 'boolean'},
                                                                                                                                               'mergeAction': {'const': 'overwrite',
                                                                                                                                                               'default': 'overwrite',
                                                                                                                                                               'type': 'string'}},
                                                                                                                                'required': ['enabled',
                                                                                                                                             'mergeAction'],
                                                                                                                                'type': 'object'},
                                                                                                                               {'additionalProperties': False,
                                                                                                                                'default': {},
                                                                                                                                'properties': {'bucket': {'type': 'string'},
                                                                                                                                               'enabled': {'const': True,
                                                                                                                                                           'default': True,
                                                                                                                                                           'type': 'boolean'},
                                                                                                                                               'mergeAction': {'const': 'overwrite',
                                                                                                                                                               'default': 'overwrite',
                                                                                                                                                               'type': 'string'},
                                                                                                                                               'prefix': {'type': 'string'}},
                                                                                                                                'required': ['enabled',
                                                                                                                                             'bucket',
                                                                                                                                             'prefix',
                                                                                                                                             'mergeAction'],
                                                                                                                                'type': 'object'}],
                                                                                                                     'default': {'mergeAction': 'overwrite'},
                                                                                                                     'discriminator': 'enabled'},
                                                                                                      'clientRoutingPolicy': {'anyOf': [{'const': 'any_availability_zone',
                                                                                                                                         'type': 'string'},
                                                                                                                                        {'const': 'availability_zone_affinity',
                                                                                                                                         'type': 'string'},
                                                                                                                                        {'const': 'partial_availability_zone_affinity',
                                                                                                                                         'type': 'string'}],
                                                                                                                              'default': 'any_availability_zone'},
                                                                                                      'crossZoneLoadBalancing': {'default': True,
                                                                                                                                 'type': 'boolean'},
                                                                                                      'deletionProtection': {'default': True,
                                                                                                                             'type': 'boolean'},
                                                                                                      'deregistrationConnectionTermination': {'default': False,
                                                                                                                                              'type': 'boolean'},
                                                                                                      'deregistrationDelay': {'default': 1,
                                                                                                                              'maximum': 600,
                                                                                                                              'minimum': 0,
                                                                                                                              'type': 'number'},
                                                                                                      'healthcheck': {'additionalProperties': False,
                                                                                                                      'default': {'healthyThreshold': 3,
                                                                                                                                  'interval': 10,
                                                                                                                                  'port': 'traffic-port',
                                                                                                                                  'timeout': 10,
                                                                                                                                  'unhealthyThreshold': 3},
                                                                                                                      'properties': {'healthyThreshold': {'default': 3,
                                                                                                                                                          'type': 'number'},
                                                                                                                                     'interval': {'default': 10,
                                                                                                                                                  'type': 'number'},
                                                                                                                                     'port': {'anyOf': [{'maximum': 65535,
                                                                                                                                                         'minimum': 1,
                                                                                                                                                         'type': 'number'},
                                                                                                                                                        {'const': 'traffic-port',
                                                                                                                                                         'type': 'string'}],
                                                                                                                                              'default': 'traffic-port'},
                                                                                                                                     'probe': {'anyOf': [{'additionalProperties': False,
                                                                                                                                                          'default': {},
                                                                                                                                                          'properties': {'kind': {'const': 'tcp',
                                                                                                                                                                                  'default': 'tcp',
                                                                                                                                                                                  'type': 'string'},
                                                                                                                                                                         'mergeAction': {'const': 'overwrite',
                                                                                                                                                                                         'default': 'overwrite',
                                                                                                                                                                                         'type': 'string'},
                                                                                                                                                                         'protocol': {'const': 'TCP',
                                                                                                                                                                                      'type': 'string'}},
                                                                                                                                                          'required': ['kind',
                                                                                                                                                                       'protocol',
                                                                                                                                                                       'mergeAction'],
                                                                                                                                                          'type': 'object'},
                                                                                                                                                         {'additionalProperties': False,
                                                                                                                                                          'default': {},
                                                                                                                                                          'properties': {'kind': {'const': 'http',
                                                                                                                                                                                  'default': 'http',
                                                                                                                                                                                  'type': 'string'},
                                                                                                                                                                         'mergeAction': {'const': 'overwrite',
                                                                                                                                                                                         'default': 'overwrite',
                                                                                                                                                                                         'type': 'string'},
                                                                                                                                                                         'path': {'type': 'string'},
                                                                                                                                                                         'protocol': {'anyOf': [{'const': 'HTTP',
                                                                                                                                                                                                 'type': 'string'},
                                                                                                                                                                                                {'const': 'HTTPS',
                                                                                                                                                                                                 'type': 'string'}]},
                                                                                                                                                                         'successCodes': {'type': 'string'}},
                                                                                                                                                          'required': ['kind',
                                                                                                                                                                       'path',
                                                                                                                                                                       'successCodes',
                                                                                                                                                                       'protocol',
                                                                                                                                                                       'mergeAction'],
                                                                                                                                                          'type': 'object'}],
                                                                                                                                               'default': {'mergeAction': 'overwrite'},
                                                                                                                                               'discriminator': 'kind'},
                                                                                                                                     'timeout': {'default': 10,
                                                                                                                                                 'type': 'number'},
                                                                                                                                     'unhealthyThreshold': {'default': 3,
                                                                                                                                                            'type': 'number'}},
                                                                                                                      'required': ['probe',
                                                                                                                                   'healthyThreshold',
                                                                                                                                   'unhealthyThreshold',
                                                                                                                                   'interval',
                                                                                                                                   'timeout',
                                                                                                                                   'port'],
                                                                                                                      'type': 'object'},
                                                                                                      'ports': {'additionalProperties': False,
                                                                                                                'default': {},
                                                                                                                'properties': {'grpc': {'additionalProperties': False,
                                                                                                                                        'default': {},
                                                                                                                                        'properties': {'name': {'type': 'string'},
                                                                                                                                                       'port': {'maximum': 65535,
                                                                                                                                                                'minimum': 1,
                                                                                                                                                                'type': 'number'},
                                                                                                                                                       'protocol': {'anyOf': [{'const': 'TCP',
                                                                                                                                                                               'type': 'string'},
                                                                                                                                                                              {'const': 'UDP',
                                                                                                                                                                               'type': 'string'}],
                                                                                                                                                                    'default': 'TCP'},
                                                                                                                                                       'targetPort': {'maximum': 65535,
                                                                                                                                                                      'minimum': 1,
                                                                                                                                                                      'type': 'number'}},
                                                                                                                                        'required': ['name',
                                                                                                                                                     'port',
                                                                                                                                                     'targetPort',
                                                                                                                                                     'protocol'],
                                                                                                                                        'type': 'object'}},
                                                                                                                'required': ['grpc'],
                                                                                                                'type': 'object'},
                                                                                                      'preserveClientIP': {'default': False,
                                                                                                                           'type': 'boolean'},
                                                                                                      'proxyProtocol': {'default': False,
                                                                                                                        'type': 'boolean'},
                                                                                                      'schema': {'anyOf': [{'const': 'internet-facing',
                                                                                                                            'type': 'string'},
                                                                                                                           {'const': 'internal',
                                                                                                                            'type': 'string'}],
                                                                                                                 'default': 'internal'},
                                                                                                      'ssl': {'anyOf': [{'additionalProperties': False,
                                                                                                                         'default': {},
                                                                                                                         'properties': {'enabled': {'const': False,
                                                                                                                                                    'default': False,
                                                                                                                                                    'type': 'boolean'},
                                                                                                                                        'mergeAction': {'const': 'overwrite',
                                                                                                                                                        'default': 'overwrite',
                                                                                                                                                        'type': 'string'}},
                                                                                                                         'required': ['enabled',
                                                                                                                                      'mergeAction'],
                                                                                                                         'type': 'object'},
                                                                                                                        {'additionalProperties': False,
                                                                                                                         'default': {},
                                                                                                                         'properties': {'certificate': {'type': 'string'},
                                                                                                                                        'enabled': {'const': True,
                                                                                                                                                    'default': True,
                                                                                                                                                    'type': 'boolean'},
                                                                                                                                        'mergeAction': {'const': 'overwrite',
                                                                                                                                                        'default': 'overwrite',
                                                                                                                                                        'type': 'string'},
                                                                                                                                        'ports': {'default': [443],
                                                                                                                                                  'items': {'maximum': 65535,
                                                                                                                                                            'minimum': 1,
                                                                                                                                                            'type': 'number'},
                                                                                                                                                  'type': 'array'}},
                                                                                                                         'required': ['enabled',
                                                                                                                                      'certificate',
                                                                                                                                      'ports',
                                                                                                                                      'mergeAction'],
                                                                                                                         'type': 'object'}],
                                                                                                              'default': {'mergeAction': 'overwrite'},
                                                                                                              'discriminator': 'enabled'},
                                                                                                      'tags': {'default': [],
                                                                                                               'items': {'additionalProperties': False,
                                                                                                                         'default': {},
                                                                                                                         'properties': {'key': {'type': 'string'},
                                                                                                                                        'value': {'type': 'string'}},
                                                                                                                         'required': ['key',
                                                                                                                                      'value'],
                                                                                                                         'type': 'object'},
                                                                                                               'type': 'array'}},
                                                                                       'required': ['accessLogs',
                                                                                                    'deletionProtection',
                                                                                                    'clientRoutingPolicy',
                                                                                                    'crossZoneLoadBalancing',
                                                                                                    'proxyProtocol',
                                                                                                    'ssl',
                                                                                                    'schema',
                                                                                                    'deregistrationDelay',
                                                                                                    'deregistrationConnectionTermination',
                                                                                                    'preserveClientIP',
                                                                                                    'healthcheck',
                                                                                                    'ports',
                                                                                                    'tags'],
                                                                                       'type': 'object'}},
                                                         'required': ['tournament'],
                                                         'type': 'object'}},
                                 'required': ['natives', 'nlbs'],
                                 'type': 'object'},
                    'storages': {'additionalProperties': False,
                                 'default': {},
                                 'properties': {},
                                 'type': 'object'},
                    'workloads': {'additionalProperties': False,
                                  'default': {},
                                  'properties': {'cronjobs': {'additionalProperties': False,
                                                              'default': {},
                                                              'properties': {},
                                                              'type': 'object'},
                                                 'daemonsets': {'additionalProperties': False,
                                                                'default': {},
                                                                'properties': {},
                                                                'type': 'object'},
                                                 'deployments': {'additionalProperties': False,
                                                                 'default': {},
                                                                 'properties': {},
                                                                 'type': 'object'},
                                                 'jobs': {'additionalProperties': False,
                                                          'default': {},
                                                          'properties': {},
                                                          'type': 'object'},
                                                 'rollouts': {'additionalProperties': False,
                                                              'default': {},
                                                              'properties': {},
                                                              'type': 'object'},
                                                 'statefulsets': {'additionalProperties': False,
                                                                  'default': {},
                                                                  'properties': {'tournament': {'additionalProperties': False,
                                                                                                'default': {},
                                                                                                'properties': {'automountServiceAccountToken': {'default': True,
                                                                                                                                                'type': 'boolean'},
                                                                                                               'containers': {'additionalProperties': False,
                                                                                                                              'default': {},
                                                                                                                              'properties': {'tournament': {'additionalProperties': False,
                                                                                                                                                            'default': {},
                                                                                                                                                            'properties': {'envs': {'allOf': [{'additionalProperties': True,
                                                                                                                                                                                               'default': {},
                                                                                                                                                                                               'properties': {},
                                                                                                                                                                                               'type': 'object'},
                                                                                                                                                                                              {'patternProperties': {'^(.*)$': {'anyOf': [{'type': 'string'},
                                                                                                                                                                                                                                          {'type': 'number'}]}},
                                                                                                                                                                                               'type': 'object'}],
                                                                                                                                                                                    'default': {}},
                                                                                                                                                                           'image': {'type': 'string'},
                                                                                                                                                                           'imagePullPolicy': {'anyOf': [{'const': 'Always',
                                                                                                                                                                                                          'type': 'string'},
                                                                                                                                                                                                         {'const': 'IfNotPresent',
                                                                                                                                                                                                          'type': 'string'},
                                                                                                                                                                                                         {'const': 'Never',
                                                                                                                                                                                                          'type': 'string'}],
                                                                                                                                                                                               'default': 'IfNotPresent'},
                                                                                                                                                                           'kind': {'const': 'container',
                                                                                                                                                                                    'default': 'container',
                                                                                                                                                                                    'type': 'string'},
                                                                                                                                                                           'liveness': {'additionalProperties': False,
                                                                                                                                                                                        'default': {},
                                                                                                                                                                                        'properties': {'failureThreshold': {'default': 3,
                                                                                                                                                                                                                            'minimum': 1,
                                                                                                                                                                                                                            'type': 'number'},
                                                                                                                                                                                                       'initialDelaySeconds': {'default': 0,
                                                                                                                                                                                                                               'minimum': 0,
                                                                                                                                                                                                                               'type': 'number'},
                                                                                                                                                                                                       'periodSeconds': {'default': 10,
                                                                                                                                                                                                                         'minimum': 1,
                                                                                                                                                                                                                         'type': 'number'},
                                                                                                                                                                                                       'probe': {'anyOf': [{'additionalProperties': False,
                                                                                                                                                                                                                            'default': {},
                                                                                                                                                                                                                            'properties': {'command': {'items': {'type': 'string'},
                                                                                                                                                                                                                                                       'type': 'array'},
                                                                                                                                                                                                                                           'kind': {'const': 'command',
                                                                                                                                                                                                                                                    'default': 'command',
                                                                                                                                                                                                                                                    'type': 'string'},
                                                                                                                                                                                                                                           'mergeAction': {'const': 'overwrite',
                                                                                                                                                                                                                                                           'default': 'overwrite',
                                                                                                                                                                                                                                                           'type': 'string'}},
                                                                                                                                                                                                                            'required': ['kind',
                                                                                                                                                                                                                                         'command',
                                                                                                                                                                                                                                         'mergeAction'],
                                                                                                                                                                                                                            'type': 'object'},
                                                                                                                                                                                                                           {'additionalProperties': False,
                                                                                                                                                                                                                            'default': {},
                                                                                                                                                                                                                            'properties': {'httpPath': {'type': 'string'},
                                                                                                                                                                                                                                           'kind': {'const': 'http',
                                                                                                                                                                                                                                                    'default': 'http',
                                                                                                                                                                                                                                                    'type': 'string'},
                                                                                                                                                                                                                                           'mergeAction': {'const': 'overwrite',
                                                                                                                                                                                                                                                           'default': 'overwrite',
                                                                                                                                                                                                                                                           'type': 'string'},
                                                                                                                                                                                                                                           'port': {'maximum': 65535,
                                                                                                                                                                                                                                                    'minimum': 1,
                                                                                                                                                                                                                                                    'type': 'number'}},
                                                                                                                                                                                                                            'required': ['kind',
                                                                                                                                                                                                                                         'httpPath',
                                                                                                                                                                                                                                         'port',
                                                                                                                                                                                                                                         'mergeAction'],
                                                                                                                                                                                                                            'type': 'object'},
                                                                                                                                                                                                                           {'additionalProperties': False,
                                                                                                                                                                                                                            'default': {},
                                                                                                                                                                                                                            'properties': {'host': {'type': 'string'},
                                                                                                                                                                                                                                           'httpPath': {'type': 'string'},
                                                                                                                                                                                                                                           'kind': {'const': 'httpWithHost',
                                                                                                                                                                                                                                                    'default': 'httpWithHost',
                                                                                                                                                                                                                                                    'type': 'string'},
                                                                                                                                                                                                                                           'mergeAction': {'const': 'overwrite',
                                                                                                                                                                                                                                                           'default': 'overwrite',
                                                                                                                                                                                                                                                           'type': 'string'},
                                                                                                                                                                                                                                           'port': {'maximum': 65535,
                                                                                                                                                                                                                                                    'minimum': 1,
                                                                                                                                                                                                                                                    'type': 'number'}},
                                                                                                                                                                                                                            'required': ['kind',
                                                                                                                                                                                                                                         'httpPath',
                                                                                                                                                                                                                                         'port',
                                                                                                                                                                                                                                         'host',
                                                                                                                                                                                                                                         'mergeAction'],
                                                                                                                                                                                                                            'type': 'object'},
                                                                                                                                                                                                                           {'additionalProperties': False,
                                                                                                                                                                                                                            'default': {},
                                                                                                                                                                                                                            'properties': {'kind': {'const': 'tcp',
                                                                                                                                                                                                                                                    'default': 'tcp',
                                                                                                                                                                                                                                                    'type': 'string'},
                                                                                                                                                                                                                                           'mergeAction': {'const': 'overwrite',
                                                                                                                                                                                                                                                           'default': 'overwrite',
                                                                                                                                                                                                                                                           'type': 'string'},
                                                                                                                                                                                                                                           'port': {'maximum': 65535,
                                                                                                                                                                                                                                                    'minimum': 1,
                                                                                                                                                                                                                                                    'type': 'number'}},
                                                                                                                                                                                                                            'required': ['kind',
                                                                                                                                                                                                                                         'port',
                                                                                                                                                                                                                                         'mergeAction'],
                                                                                                                                                                                                                            'type': 'object'}],
                                                                                                                                                                                                                 'default': {'mergeAction': 'overwrite'},
                                                                                                                                                                                                                 'discriminator': 'kind'},
                                                                                                                                                                                                       'successThreshold': {'default': 1,
                                                                                                                                                                                                                            'minimum': 1,
                                                                                                                                                                                                                            'type': 'number'},
                                                                                                                                                                                                       'timeoutSeconds': {'default': 1,
                                                                                                                                                                                                                          'minimum': 1,
                                                                                                                                                                                                                          'type': 'number'}},
                                                                                                                                                                                        'required': ['initialDelaySeconds',
                                                                                                                                                                                                     'periodSeconds',
                                                                                                                                                                                                     'timeoutSeconds',
                                                                                                                                                                                                     'successThreshold',
                                                                                                                                                                                                     'failureThreshold',
                                                                                                                                                                                                     'probe'],
                                                                                                                                                                                        'type': 'object'},
                                                                                                                                                                           'ports': {'additionalProperties': False,
                                                                                                                                                                                     'default': {},
                                                                                                                                                                                     'properties': {'grpc': {'additionalProperties': False,
                                                                                                                                                                                                             'default': {},
                                                                                                                                                                                                             'properties': {'name': {'maxLength': 15,
                                                                                                                                                                                                                                     'pattern': '^[a-z0-9]([-a-z0-9]*[a-z0-9])?$',
                                                                                                                                                                                                                                     'type': 'string'},
                                                                                                                                                                                                                            'port': {'maximum': 65535,
                                                                                                                                                                                                                                     'minimum': 1,
                                                                                                                                                                                                                                     'type': 'number'},
                                                                                                                                                                                                                            'protocol': {'anyOf': [{'const': 'TCP',
                                                                                                                                                                                                                                                    'type': 'string'},
                                                                                                                                                                                                                                                   {'const': 'UDP',
                                                                                                                                                                                                                                                    'type': 'string'}],
                                                                                                                                                                                                                                         'default': 'TCP'}},
                                                                                                                                                                                                             'required': ['name',
                                                                                                                                                                                                                          'port',
                                                                                                                                                                                                                          'protocol'],
                                                                                                                                                                                                             'type': 'object'}},
                                                                                                                                                                                     'required': ['grpc'],
                                                                                                                                                                                     'type': 'object'},
                                                                                                                                                                           'readiness': {'additionalProperties': False,
                                                                                                                                                                                         'default': {},
                                                                                                                                                                                         'properties': {'failureThreshold': {'default': 3,
                                                                                                                                                                                                                             'minimum': 1,
                                                                                                                                                                                                                             'type': 'number'},
                                                                                                                                                                                                        'initialDelaySeconds': {'default': 0,
                                                                                                                                                                                                                                'minimum': 0,
                                                                                                                                                                                                                                'type': 'number'},
                                                                                                                                                                                                        'periodSeconds': {'default': 10,
                                                                                                                                                                                                                          'minimum': 1,
                                                                                                                                                                                                                          'type': 'number'},
                                                                                                                                                                                                        'probe': {'anyOf': [{'additionalProperties': False,
                                                                                                                                                                                                                             'default': {},
                                                                                                                                                                                                                             'properties': {'command': {'items': {'type': 'string'},
                                                                                                                                                                                                                                                        'type': 'array'},
                                                                                                                                                                                                                                            'kind': {'const': 'command',
                                                                                                                                                                                                                                                     'default': 'command',
                                                                                                                                                                                                                                                     'type': 'string'},
                                                                                                                                                                                                                                            'mergeAction': {'const': 'overwrite',
                                                                                                                                                                                                                                                            'default': 'overwrite',
                                                                                                                                                                                                                                                            'type': 'string'}},
                                                                                                                                                                                                                             'required': ['kind',
                                                                                                                                                                                                                                          'command',
                                                                                                                                                                                                                                          'mergeAction'],
                                                                                                                                                                                                                             'type': 'object'},
                                                                                                                                                                                                                            {'additionalProperties': False,
                                                                                                                                                                                                                             'default': {},
                                                                                                                                                                                                                             'properties': {'httpPath': {'type': 'string'},
                                                                                                                                                                                                                                            'kind': {'const': 'http',
                                                                                                                                                                                                                                                     'default': 'http',
                                                                                                                                                                                                                                                     'type': 'string'},
                                                                                                                                                                                                                                            'mergeAction': {'const': 'overwrite',
                                                                                                                                                                                                                                                            'default': 'overwrite',
                                                                                                                                                                                                                                                            'type': 'string'},
                                                                                                                                                                                                                                            'port': {'maximum': 65535,
                                                                                                                                                                                                                                                     'minimum': 1,
                                                                                                                                                                                                                                                     'type': 'number'}},
                                                                                                                                                                                                                             'required': ['kind',
                                                                                                                                                                                                                                          'httpPath',
                                                                                                                                                                                                                                          'port',
                                                                                                                                                                                                                                          'mergeAction'],
                                                                                                                                                                                                                             'type': 'object'},
                                                                                                                                                                                                                            {'additionalProperties': False,
                                                                                                                                                                                                                             'default': {},
                                                                                                                                                                                                                             'properties': {'host': {'type': 'string'},
                                                                                                                                                                                                                                            'httpPath': {'type': 'string'},
                                                                                                                                                                                                                                            'kind': {'const': 'httpWithHost',
                                                                                                                                                                                                                                                     'default': 'httpWithHost',
                                                                                                                                                                                                                                                     'type': 'string'},
                                                                                                                                                                                                                                            'mergeAction': {'const': 'overwrite',
                                                                                                                                                                                                                                                            'default': 'overwrite',
                                                                                                                                                                                                                                                            'type': 'string'},
                                                                                                                                                                                                                                            'port': {'maximum': 65535,
                                                                                                                                                                                                                                                     'minimum': 1,
                                                                                                                                                                                                                                                     'type': 'number'}},
                                                                                                                                                                                                                             'required': ['kind',
                                                                                                                                                                                                                                          'httpPath',
                                                                                                                                                                                                                                          'port',
                                                                                                                                                                                                                                          'host',
                                                                                                                                                                                                                                          'mergeAction'],
                                                                                                                                                                                                                             'type': 'object'},
                                                                                                                                                                                                                            {'additionalProperties': False,
                                                                                                                                                                                                                             'default': {},
                                                                                                                                                                                                                             'properties': {'kind': {'const': 'tcp',
                                                                                                                                                                                                                                                     'default': 'tcp',
                                                                                                                                                                                                                                                     'type': 'string'},
                                                                                                                                                                                                                                            'mergeAction': {'const': 'overwrite',
                                                                                                                                                                                                                                                            'default': 'overwrite',
                                                                                                                                                                                                                                                            'type': 'string'},
                                                                                                                                                                                                                                            'port': {'maximum': 65535,
                                                                                                                                                                                                                                                     'minimum': 1,
                                                                                                                                                                                                                                                     'type': 'number'}},
                                                                                                                                                                                                                             'required': ['kind',
                                                                                                                                                                                                                                          'port',
                                                                                                                                                                                                                                          'mergeAction'],
                                                                                                                                                                                                                             'type': 'object'}],
                                                                                                                                                                                                                  'default': {'mergeAction': 'overwrite'},
                                                                                                                                                                                                                  'discriminator': 'kind'},
                                                                                                                                                                                                        'successThreshold': {'default': 1,
                                                                                                                                                                                                                             'minimum': 1,
                                                                                                                                                                                                                             'type': 'number'},
                                                                                                                                                                                                        'timeoutSeconds': {'default': 1,
                                                                                                                                                                                                                           'minimum': 1,
                                                                                                                                                                                                                           'type': 'number'}},
                                                                                                                                                                                         'required': ['initialDelaySeconds',
                                                                                                                                                                                                      'periodSeconds',
                                                                                                                                                                                                      'timeoutSeconds',
                                                                                                                                                                                                      'successThreshold',
                                                                                                                                                                                                      'failureThreshold',
                                                                                                                                                                                                      'probe'],
                                                                                                                                                                                         'type': 'object'},
                                                                                                                                                                           'resources': {'additionalProperties': False,
                                                                                                                                                                                         'default': {},
                                                                                                                                                                                         'properties': {'cpu': {'additionalProperties': False,
                                                                                                                                                                                                                'default': {},
                                                                                                                                                                                                                'properties': {'limitMilliCPU': {'default': 200,
                                                                                                                                                                                                                                                 'minimum': 50,
                                                                                                                                                                                                                                                 'type': 'number'},
                                                                                                                                                                                                                               'requestMilliCPU': {'default': 200,
                                                                                                                                                                                                                                                   'minimum': 50,
                                                                                                                                                                                                                                                   'type': 'number'}},
                                                                                                                                                                                                                'required': ['limitMilliCPU',
                                                                                                                                                                                                                             'requestMilliCPU'],
                                                                                                                                                                                                                'type': 'object'},
                                                                                                                                                                                                        'memory': {'additionalProperties': False,
                                                                                                                                                                                                                   'default': {},
                                                                                                                                                                                                                   'properties': {'limitMiB': {'default': 200,
                                                                                                                                                                                                                                               'minimum': 32,
                                                                                                                                                                                                                                               'type': 'number'},
                                                                                                                                                                                                                                  'requestMiB': {'default': 200,
                                                                                                                                                                                                                                                 'minimum': 32,
                                                                                                                                                                                                                                                 'type': 'number'}},
                                                                                                                                                                                                                   'required': ['limitMiB',
                                                                                                                                                                                                                                'requestMiB'],
                                                                                                                                                                                                                   'type': 'object'}},
                                                                                                                                                                                         'required': ['cpu',
                                                                                                                                                                                                      'memory'],
                                                                                                                                                                                         'type': 'object'},
                                                                                                                                                                           'secretEnvs': {'allOf': [{'additionalProperties': True,
                                                                                                                                                                                                     'default': {},
                                                                                                                                                                                                     'properties': {},
                                                                                                                                                                                                     'type': 'object'},
                                                                                                                                                                                                    {'patternProperties': {'^(.*)$': {'additionalProperties': False,
                                                                                                                                                                                                                                      'default': {},
                                                                                                                                                                                                                                      'properties': {'key': {'type': 'string'},
                                                                                                                                                                                                                                                     'secretName': {'type': 'string'}},
                                                                                                                                                                                                                                      'required': ['key',
                                                                                                                                                                                                                                                   'secretName'],
                                                                                                                                                                                                                                      'type': 'object'}},
                                                                                                                                                                                                     'type': 'object'}],
                                                                                                                                                                                          'default': {}},
                                                                                                                                                                           'startup': {'additionalProperties': False,
                                                                                                                                                                                       'default': {},
                                                                                                                                                                                       'properties': {'failureThreshold': {'default': 3,
                                                                                                                                                                                                                           'minimum': 1,
                                                                                                                                                                                                                           'type': 'number'},
                                                                                                                                                                                                      'initialDelaySeconds': {'default': 0,
                                                                                                                                                                                                                              'minimum': 0,
                                                                                                                                                                                                                              'type': 'number'},
                                                                                                                                                                                                      'periodSeconds': {'default': 10,
                                                                                                                                                                                                                        'minimum': 1,
                                                                                                                                                                                                                        'type': 'number'},
                                                                                                                                                                                                      'probe': {'anyOf': [{'additionalProperties': False,
                                                                                                                                                                                                                           'default': {},
                                                                                                                                                                                                                           'properties': {'command': {'items': {'type': 'string'},
                                                                                                                                                                                                                                                      'type': 'array'},
                                                                                                                                                                                                                                          'kind': {'const': 'command',
                                                                                                                                                                                                                                                   'default': 'command',
                                                                                                                                                                                                                                                   'type': 'string'},
                                                                                                                                                                                                                                          'mergeAction': {'const': 'overwrite',
                                                                                                                                                                                                                                                          'default': 'overwrite',
                                                                                                                                                                                                                                                          'type': 'string'}},
                                                                                                                                                                                                                           'required': ['kind',
                                                                                                                                                                                                                                        'command',
                                                                                                                                                                                                                                        'mergeAction'],
                                                                                                                                                                                                                           'type': 'object'},
                                                                                                                                                                                                                          {'additionalProperties': False,
                                                                                                                                                                                                                           'default': {},
                                                                                                                                                                                                                           'properties': {'httpPath': {'type': 'string'},
                                                                                                                                                                                                                                          'kind': {'const': 'http',
                                                                                                                                                                                                                                                   'default': 'http',
                                                                                                                                                                                                                                                   'type': 'string'},
                                                                                                                                                                                                                                          'mergeAction': {'const': 'overwrite',
                                                                                                                                                                                                                                                          'default': 'overwrite',
                                                                                                                                                                                                                                                          'type': 'string'},
                                                                                                                                                                                                                                          'port': {'maximum': 65535,
                                                                                                                                                                                                                                                   'minimum': 1,
                                                                                                                                                                                                                                                   'type': 'number'}},
                                                                                                                                                                                                                           'required': ['kind',
                                                                                                                                                                                                                                        'httpPath',
                                                                                                                                                                                                                                        'port',
                                                                                                                                                                                                                                        'mergeAction'],
                                                                                                                                                                                                                           'type': 'object'},
                                                                                                                                                                                                                          {'additionalProperties': False,
                                                                                                                                                                                                                           'default': {},
                                                                                                                                                                                                                           'properties': {'host': {'type': 'string'},
                                                                                                                                                                                                                                          'httpPath': {'type': 'string'},
                                                                                                                                                                                                                                          'kind': {'const': 'httpWithHost',
                                                                                                                                                                                                                                                   'default': 'httpWithHost',
                                                                                                                                                                                                                                                   'type': 'string'},
                                                                                                                                                                                                                                          'mergeAction': {'const': 'overwrite',
                                                                                                                                                                                                                                                          'default': 'overwrite',
                                                                                                                                                                                                                                                          'type': 'string'},
                                                                                                                                                                                                                                          'port': {'maximum': 65535,
                                                                                                                                                                                                                                                   'minimum': 1,
                                                                                                                                                                                                                                                   'type': 'number'}},
                                                                                                                                                                                                                           'required': ['kind',
                                                                                                                                                                                                                                        'httpPath',
                                                                                                                                                                                                                                        'port',
                                                                                                                                                                                                                                        'host',
                                                                                                                                                                                                                                        'mergeAction'],
                                                                                                                                                                                                                           'type': 'object'},
                                                                                                                                                                                                                          {'additionalProperties': False,
                                                                                                                                                                                                                           'default': {},
                                                                                                                                                                                                                           'properties': {'kind': {'const': 'tcp',
                                                                                                                                                                                                                                                   'default': 'tcp',
                                                                                                                                                                                                                                                   'type': 'string'},
                                                                                                                                                                                                                                          'mergeAction': {'const': 'overwrite',
                                                                                                                                                                                                                                                          'default': 'overwrite',
                                                                                                                                                                                                                                                          'type': 'string'},
                                                                                                                                                                                                                                          'port': {'maximum': 65535,
                                                                                                                                                                                                                                                   'minimum': 1,
                                                                                                                                                                                                                                                   'type': 'number'}},
                                                                                                                                                                                                                           'required': ['kind',
                                                                                                                                                                                                                                        'port',
                                                                                                                                                                                                                                        'mergeAction'],
                                                                                                                                                                                                                           'type': 'object'}],
                                                                                                                                                                                                                'default': {'mergeAction': 'overwrite'},
                                                                                                                                                                                                                'discriminator': 'kind'},
                                                                                                                                                                                                      'successThreshold': {'default': 1,
                                                                                                                                                                                                                           'minimum': 1,
                                                                                                                                                                                                                           'type': 'number'},
                                                                                                                                                                                                      'timeoutSeconds': {'default': 1,
                                                                                                                                                                                                                         'minimum': 1,
                                                                                                                                                                                                                         'type': 'number'}},
                                                                                                                                                                                       'required': ['initialDelaySeconds',
                                                                                                                                                                                                    'periodSeconds',
                                                                                                                                                                                                    'timeoutSeconds',
                                                                                                                                                                                                    'successThreshold',
                                                                                                                                                                                                    'failureThreshold',
                                                                                                                                                                                                    'probe'],
                                                                                                                                                                                       'type': 'object'}},
                                                                                                                                                            'required': ['kind',
                                                                                                                                                                         'image',
                                                                                                                                                                         'imagePullPolicy',
                                                                                                                                                                         'resources',
                                                                                                                                                                         'readiness',
                                                                                                                                                                         'liveness',
                                                                                                                                                                         'startup',
                                                                                                                                                                         'ports',
                                                                                                                                                                         'envs',
                                                                                                                                                                         'secretEnvs'],
                                                                                                                                                            'type': 'object'}},
                                                                                                                              'required': ['tournament'],
                                                                                                                              'type': 'object'},
                                                                                                               'initContainers': {'additionalProperties': False,
                                                                                                                                  'default': {},
                                                                                                                                  'properties': {},
                                                                                                                                  'type': 'object'},
                                                                                                               'injectors': {'additionalProperties': False,
                                                                                                                             'default': {},
                                                                                                                             'properties': {},
                                                                                                                             'type': 'object'},
                                                                                                               'kind': {'const': 'statefulset',
                                                                                                                        'default': 'statefulset',
                                                                                                                        'type': 'string'},
                                                                                                               'metadata': {'additionalProperties': False,
                                                                                                                            'default': {},
                                                                                                                            'properties': {'labels': {'default': {},
                                                                                                                                                      'patternProperties': {'^(.*)$': {'type': 'string'}},
                                                                                                                                                      'type': 'object'}},
                                                                                                                            'required': ['labels'],
                                                                                                                            'type': 'object'},
                                                                                                               'monitorings': {'additionalProperties': False,
                                                                                                                               'default': {},
                                                                                                                               'properties': {'log': {'additionalProperties': False,
                                                                                                                                                      'default': {},
                                                                                                                                                      'properties': {'enabled': {'default': True,
                                                                                                                                                                                 'type': 'boolean'},
                                                                                                                                                                     'multiLineParser': {'anyOf': [{'const': '',
                                                                                                                                                                                                    'type': 'string'},
                                                                                                                                                                                                   {'const': 'peak_multiline_java',
                                                                                                                                                                                                    'type': 'string'}],
                                                                                                                                                                                         'default': ''}},
                                                                                                                                                      'required': ['enabled',
                                                                                                                                                                   'multiLineParser'],
                                                                                                                                                      'type': 'object'}},
                                                                                                                               'required': ['log'],
                                                                                                                               'type': 'object'},
                                                                                                               'nativeSidecarContainers': {'additionalProperties': False,
                                                                                                                                           'default': {},
                                                                                                                                           'properties': {},
                                                                                                                                           'type': 'object'},
                                                                                                               'permissions': {'additionalProperties': False,
                                                                                                                               'default': {},
                                                                                                                               'properties': {'serviceAccount': {'additionalProperties': False,
                                                                                                                                                                 'default': {},
                                                                                                                                                                 'properties': {'iamRole': {'type': 'string'}},
                                                                                                                                                                 'required': ['iamRole'],
                                                                                                                                                                 'type': 'object'}},
                                                                                                                               'required': ['serviceAccount'],
                                                                                                                               'type': 'object'},
                                                                                                               'podManagementPolicy': {'anyOf': [{'const': 'OrderedReady',
                                                                                                                                                  'type': 'string'},
                                                                                                                                                 {'const': 'Parallel',
                                                                                                                                                  'type': 'string'}],
                                                                                                                                       'default': 'OrderedReady'},
                                                                                                               'readinessGate': {'anyOf': [{'additionalProperties': False,
                                                                                                                                            'default': {},
                                                                                                                                            'properties': {'enabled': {'const': False,
                                                                                                                                                                       'default': False,
                                                                                                                                                                       'type': 'boolean'}},
                                                                                                                                            'required': ['enabled'],
                                                                                                                                            'type': 'object'},
                                                                                                                                           {'additionalProperties': False,
                                                                                                                                            'default': {},
                                                                                                                                            'properties': {'enabled': {'const': True,
                                                                                                                                                                       'default': True,
                                                                                                                                                                       'type': 'boolean'},
                                                                                                                                                           'sleepSeconds': {'type': 'number'}},
                                                                                                                                            'required': ['enabled',
                                                                                                                                                         'sleepSeconds'],
                                                                                                                                            'type': 'object'}],
                                                                                                                                 'discriminator': 'enabled'},
                                                                                                               'replicas': {'default': 2,
                                                                                                                            'maximum': 999,
                                                                                                                            'minimum': 0,
                                                                                                                            'type': 'number'},
                                                                                                               'scheduling': {'additionalProperties': False,
                                                                                                                              'default': {},
                                                                                                                              'properties': {'podDisruptionBudget': {'additionalProperties': False,
                                                                                                                                                                     'default': {},
                                                                                                                                                                     'properties': {'maxUnavailable': {'anyOf': [{'type': 'number'},
                                                                                                                                                                                                                 {'type': 'string'},
                                                                                                                                                                                                                 {'type': 'null'}],
                                                                                                                                                                                                       'default': None},
                                                                                                                                                                                    'minAvailable': {'anyOf': [{'default': 1,
                                                                                                                                                                                                                'minimum': 0,
                                                                                                                                                                                                                'type': 'number'},
                                                                                                                                                                                                               {'type': 'string'}]}},
                                                                                                                                                                     'required': ['minAvailable',
                                                                                                                                                                                  'maxUnavailable'],
                                                                                                                                                                     'type': 'object'}},
                                                                                                                              'required': ['podDisruptionBudget'],
                                                                                                                              'type': 'object'},
                                                                                                               'secrets': {'additionalProperties': False,
                                                                                                                           'default': {},
                                                                                                                           'properties': {},
                                                                                                                           'type': 'object'},
                                                                                                               'storages': {'additionalProperties': False,
                                                                                                                            'default': {},
                                                                                                                            'properties': {'data': {'additionalProperties': False,
                                                                                                                                                    'default': {},
                                                                                                                                                    'properties': {'accessModes': {'default': ['ReadWriteOnce'],
                                                                                                                                                                                   'items': {'anyOf': [{'const': 'ReadWriteOnce',
                                                                                                                                                                                                        'type': 'string'},
                                                                                                                                                                                                       {'const': 'ReadOnlyMany',
                                                                                                                                                                                                        'type': 'string'},
                                                                                                                                                                                                       {'const': 'ReadWriteMany',
                                                                                                                                                                                                        'type': 'string'},
                                                                                                                                                                                                       {'const': 'ReadWriteOncePod',
                                                                                                                                                                                                        'type': 'string'}],
                                                                                                                                                                                             'default': 'ReadWriteOnce'},
                                                                                                                                                                                   'type': 'array'},
                                                                                                                                                                   'storageClass': {'default': 'gp3',
                                                                                                                                                                                    'type': 'string'},
                                                                                                                                                                   'storageGibiBytes': {'default': 50,
                                                                                                                                                                                        'minimum': 10,
                                                                                                                                                                                        'type': 'number'}},
                                                                                                                                                    'required': ['accessModes',
                                                                                                                                                                 'storageGibiBytes',
                                                                                                                                                                 'storageClass'],
                                                                                                                                                    'type': 'object'}},
                                                                                                                            'required': ['data'],
                                                                                                                            'type': 'object'},
                                                                                                               'strategy': {'additionalProperties': False,
                                                                                                                            'default': {},
                                                                                                                            'properties': {'kind': {'const': 'rollingupdate',
                                                                                                                                                    'default': 'rollingupdate',
                                                                                                                                                    'type': 'string'},
                                                                                                                                           'mergeAction': {'const': 'overwrite',
                                                                                                                                                           'default': 'overwrite',
                                                                                                                                                           'type': 'string'},
                                                                                                                                           'rollingUpdate': {'additionalProperties': False,
                                                                                                                                                             'default': {'partition': 0},
                                                                                                                                                             'properties': {'partition': {'default': 0,
                                                                                                                                                                                          'minimum': 0,
                                                                                                                                                                                          'type': 'number'}},
                                                                                                                                                             'required': ['partition'],
                                                                                                                                                             'type': 'object'}},
                                                                                                                            'required': ['kind',
                                                                                                                                         'rollingUpdate',
                                                                                                                                         'mergeAction'],
                                                                                                                            'type': 'object'},
                                                                                                               'terminationGracePeriodSeconds': {'default': 30,
                                                                                                                                                 'maximum': 9999,
                                                                                                                                                 'minimum': 0,
                                                                                                                                                 'type': 'number'},
                                                                                                               'topologySpread': {'default': [{'matchLabelKeys': [],
                                                                                                                                               'maxSkew': 1,
                                                                                                                                               'minDomains': 1,
                                                                                                                                               'nodeAffinityPolicy': 'Honor',
                                                                                                                                               'nodeTaintsPolicy': 'Honor',
                                                                                                                                               'topologyKey': 'topology.kubernetes.io/zone',
                                                                                                                                               'whenUnsatisfiable': 'DoNotSchedule'}],
                                                                                                                                  'items': {'anyOf': [{'additionalProperties': False,
                                                                                                                                                       'default': {},
                                                                                                                                                       'properties': {'matchLabelKeys': {'default': [],
                                                                                                                                                                                         'items': {'type': 'string'},
                                                                                                                                                                                         'type': 'array'},
                                                                                                                                                                      'maxSkew': {'default': 1,
                                                                                                                                                                                  'minimum': 1,
                                                                                                                                                                                  'type': 'number'},
                                                                                                                                                                      'minDomains': {'default': 1,
                                                                                                                                                                                     'minimum': 0,
                                                                                                                                                                                     'type': 'number'},
                                                                                                                                                                      'nodeAffinityPolicy': {'anyOf': [{'const': 'Honor',
                                                                                                                                                                                                        'type': 'string'},
                                                                                                                                                                                                       {'const': 'Ignore',
                                                                                                                                                                                                        'type': 'string'}],
                                                                                                                                                                                             'default': 'Honor'},
                                                                                                                                                                      'nodeTaintsPolicy': {'anyOf': [{'const': 'Honor',
                                                                                                                                                                                                      'type': 'string'},
                                                                                                                                                                                                     {'const': 'Ignore',
                                                                                                                                                                                                      'type': 'string'}],
                                                                                                                                                                                           'default': 'Honor'},
                                                                                                                                                                      'topologyKey': {'anyOf': [{'const': 'kubernetes.io/hostname',
                                                                                                                                                                                                 'type': 'string'},
                                                                                                                                                                                                {'const': 'topology.kubernetes.io/zone',
                                                                                                                                                                                                 'type': 'string'},
                                                                                                                                                                                                {'const': 'topology.kubernetes.io/region',
                                                                                                                                                                                                 'type': 'string'}]},
                                                                                                                                                                      'whenUnsatisfiable': {'const': 'DoNotSchedule',
                                                                                                                                                                                            'default': 'DoNotSchedule',
                                                                                                                                                                                            'type': 'string'}},
                                                                                                                                                       'required': ['matchLabelKeys',
                                                                                                                                                                    'maxSkew',
                                                                                                                                                                    'minDomains',
                                                                                                                                                                    'nodeAffinityPolicy',
                                                                                                                                                                    'nodeTaintsPolicy',
                                                                                                                                                                    'topologyKey',
                                                                                                                                                                    'whenUnsatisfiable'],
                                                                                                                                                       'type': 'object'},
                                                                                                                                                      {'additionalProperties': False,
                                                                                                                                                       'default': {},
                                                                                                                                                       'properties': {'matchLabelKeys': {'default': [],
                                                                                                                                                                                         'items': {'type': 'string'},
                                                                                                                                                                                         'type': 'array'},
                                                                                                                                                                      'maxSkew': {'default': 1,
                                                                                                                                                                                  'minimum': 1,
                                                                                                                                                                                  'type': 'number'},
                                                                                                                                                                      'nodeAffinityPolicy': {'anyOf': [{'const': 'Honor',
                                                                                                                                                                                                        'type': 'string'},
                                                                                                                                                                                                       {'const': 'Ignore',
                                                                                                                                                                                                        'type': 'string'}],
                                                                                                                                                                                             'default': 'Honor'},
                                                                                                                                                                      'nodeTaintsPolicy': {'anyOf': [{'const': 'Honor',
                                                                                                                                                                                                      'type': 'string'},
                                                                                                                                                                                                     {'const': 'Ignore',
                                                                                                                                                                                                      'type': 'string'}],
                                                                                                                                                                                           'default': 'Honor'},
                                                                                                                                                                      'topologyKey': {'anyOf': [{'const': 'kubernetes.io/hostname',
                                                                                                                                                                                                 'type': 'string'},
                                                                                                                                                                                                {'const': 'topology.kubernetes.io/zone',
                                                                                                                                                                                                 'type': 'string'},
                                                                                                                                                                                                {'const': 'topology.kubernetes.io/region',
                                                                                                                                                                                                 'type': 'string'}]},
                                                                                                                                                                      'whenUnsatisfiable': {'const': 'ScheduleAnyway',
                                                                                                                                                                                            'default': 'ScheduleAnyway',
                                                                                                                                                                                            'type': 'string'}},
                                                                                                                                                       'required': ['matchLabelKeys',
                                                                                                                                                                    'maxSkew',
                                                                                                                                                                    'nodeAffinityPolicy',
                                                                                                                                                                    'nodeTaintsPolicy',
                                                                                                                                                                    'topologyKey',
                                                                                                                                                                    'whenUnsatisfiable'],
                                                                                                                                                       'type': 'object'}]},
                                                                                                                                  'type': 'array'}},
                                                                                                'required': ['kind',
                                                                                                             'metadata',
                                                                                                             'replicas',
                                                                                                             'automountServiceAccountToken',
                                                                                                             'terminationGracePeriodSeconds',
                                                                                                             'initContainers',
                                                                                                             'nativeSidecarContainers',
                                                                                                             'containers',
                                                                                                             'secrets',
                                                                                                             'strategy',
                                                                                                             'permissions',
                                                                                                             'storages',
                                                                                                             'injectors',
                                                                                                             'monitorings',
                                                                                                             'topologySpread',
                                                                                                             'scheduling',
                                                                                                             'readinessGate',
                                                                                                             'podManagementPolicy'],
                                                                                                'type': 'object'}},
                                                                  'required': ['tournament'],
                                                                  'type': 'object'}},
                                  'required': ['deployments',
                                               'statefulsets',
                                               'rollouts',
                                               'daemonsets',
                                               'cronjobs',
                                               'jobs'],
                                  'type': 'object'}},
     'required': ['namespace',
                  'serviceGroup',
                  'serviceEnv',
                  'workloads',
                  'ingresses',
                  'services',
                  'storages'],
     'type': 'object'}

On instance:
    {'ingresses': {'albs': {}, 'nginxes': {}},
     'namespace': 'bigdata',
     'serviceEnv': 'test',
     'serviceGroup': 'tournament',
     'services': {'natives': {},
                  'nlbs': {'tournament': {'accessLogs': {'enabled': False,
                                                         'mergeAction': 'overwrite'},
                                          'clientRoutingPolicy': 'any_availability_zone',
                                          'crossZoneLoadBalancing': True,
                                          'deletionProtection': True,
                                          'deregistrationConnectionTermination': False,
                                          'deregistrationDelay': 1,
                                          'healthcheck': {'healthyThreshold': 3,
                                                          'interval': 10,
                                                          'port': 'traffic-port',
                                                          'probe': {'kind': 'http',
                                                                    'mergeAction': 'overwrite',
                                                                    'path': '/ready',
                                                                    'protocol': 'HTTP',
                                                                    'successCodes': '200'},
                                                          'timeout': 10,
                                                          'unhealthyThreshold': 3},
                                          'ports': {'grpc': {'name': 'grpc',
                                                             'port': 4444,
                                                             'protocol': 'TCP',
                                                             'targetPort': 4444}},
                                          'preserveClientIP': False,
                                          'proxyProtocol': False,
                                          'schema': 'internal',
                                          'ssl': {'enabled': False,
                                                  'mergeAction': 'overwrite'},
                                          'tags': []}}},
     'storages': {'data': {'accessModes': ['ReadWriteOnce'],
                           'storageClass': 'gp3',
                           'storageGibiBytes': 50}},
     'workloads': {'cronjobs': {},
                   'daemonsets': {},
                   'deployments': {},
                   'jobs': {},
                   'rollouts': {},
                   'statefulsets': {'tournament': {'automountServiceAccountToken': True,
                                                   'containers': {'tournament': {'envs': {},
                                                                                 'image': 'tournament:3.2.2',
                                                                                 'imagePullPolicy': 'IfNotPresent',
                                                                                 'kind': 'container',
                                                                                 'liveness': {'failureThreshold': 3,
                                                                                              'initialDelaySeconds': 0,
                                                                                              'periodSeconds': 10,
                                                                                              'probe': {'httpPath': '/live',
                                                                                                        'kind': 'http',
                                                                                                        'mergeAction': 'overwrite',
                                                                                                        'port': 4444},
                                                                                              'successThreshold': 1,
                                                                                              'timeoutSeconds': 1},
                                                                                 'ports': {'grpc': {'name': 'grpc',
                                                                                                    'port': 4444,
                                                                                                    'protocol': 'TCP'}},
                                                                                 'readiness': {'failureThreshold': 3,
                                                                                               'initialDelaySeconds': 0,
                                                                                               'periodSeconds': 10,
                                                                                               'probe': {'httpPath': '/ready',
                                                                                                         'kind': 'http',
                                                                                                         'mergeAction': 'overwrite',
                                                                                                         'port': 4444},
                                                                                               'successThreshold': 1,
                                                                                               'timeoutSeconds': 1},
                                                                                 'resources': {'cpu': {'limitMilliCPU': 500000,
                                                                                                       'requestMilliCPU': 2000},
                                                                                               'memory': {'limitMiB': 2147483648,
                                                                                                          'requestMiB': 4096}},
                                                                                 'secretEnvs': {},
                                                                                 'startup': {'failureThreshold': 3,
                                                                                             'initialDelaySeconds': 0,
                                                                                             'periodSeconds': 10,
                                                                                             'probe': {'httpPath': '/start',
                                                                                                       'kind': 'http',
                                                                                                       'mergeAction': 'overwrite',
                                                                                                       'port': 4444},
                                                                                             'successThreshold': 1,
                                                                                             'timeoutSeconds': 1}}}}},
                   'initContainers': {},
                   'injectors': {}},
     'kind': 'statefulset',
     'metadata': {'labels': {}},
     'monitorings': {'log': {'enabled': True, 'multiLineParser': ''}},
     'nativeSidecarContainers': {},
     'permissions': {'serviceAccount': {'iamRole': 'arn:aws:iam::111111111111:role/kubernetes-test-tournament'}},
     'podManagementPolicy': 'OrderedReady',
     'readinessGate': {'enabled': False},
     'replicas': 2,
     'scheduling': {'podDisruptionBudget': {'maxUnavailable': None,
                                            'minAvailable': 1}},
     'secrets': {},
     'strategy': {'kind': 'rollingupdate',
                  'mergeAction': 'overwrite',
                  'rollingUpdate': {'partition': 0}},
     'terminationGracePeriodSeconds': 30,
     'topologySpread': [{'matchLabelKeys': [],
                         'maxSkew': 1,
                         'minDomains': 1,
                         'nodeAffinityPolicy': 'Honor',
                         'nodeTaintsPolicy': 'Honor',
                         'topologyKey': 'topology.kubernetes.io/zone',
                         'whenUnsatisfiable': 'DoNotSchedule'}]}
INFO:werkzeug:172.18.0.1 - - [05/Feb/2026 00:42:59] "[31m[1mPOST /message HTTP/1.1[0m" 422 -
INFO:__main__:ai identified app as: tournament
ERROR:__main__:schema validation failed: Additional properties are not allowed ('kind', 'metadata', 'monitorings', 'nativeSidecarContainers', 'permissions', 'podManagementPolicy', 'readinessGate', 'replicas', 'scheduling', 'secrets', 'strategy', 'terminationGracePeriodSeconds', 'topologySpread' were unexpected)

Failed validating 'additionalProperties' in schema:
    {'additionalProperties': False,
     'default': {},
     'properties': {'ingresses': {'additionalProperties': False,
                                  'default': {},
                                  'properties': {'albs': {'additionalProperties': False,
                                                          'default': {},
                                                          'properties': {},
                                                          'type': 'object'},
                                                 'nginxes': {'additionalProperties': False,
                                                             'default': {},
                                                             'properties': {},
                                                             'type': 'object'}},
                                  'required': ['nginxes', 'albs'],
                                  'type': 'object'},
                    'namespace': {'type': 'string'},
                    'serviceEnv': {'type': 'string'},
                    'serviceGroup': {'type': 'string'},
                    'services': {'additionalProperties': False,
                                 'default': {},
                                 'properties': {'natives': {'additionalProperties': False,
                                                            'default': {},
                                                            'properties': {},
                                                            'type': 'object'},
                                                'nlbs': {'additionalProperties': False,
                                                         'default': {},
                                                         'properties': {'tournament': {'additionalProperties': False,
                                                                                       'default': {},
                                                                                       'properties': {'accessLogs': {'anyOf': [{'additionalProperties': False,
                                                                                                                                'default': {},
                                                                                                                                'properties': {'enabled': {'const': False,
                                                                                                                                                           'default': False,
                                                                                                                                                           'type': 'boolean'},
                                                                                                                                               'mergeAction': {'const': 'overwrite',
                                                                                                                                                               'default': 'overwrite',
                                                                                                                                                               'type': 'string'}},
                                                                                                                                'required': ['enabled',
                                                                                                                                             'mergeAction'],
                                                                                                                                'type': 'object'},
                                                                                                                               {'additionalProperties': False,
                                                                                                                                'default': {},
                                                                                                                                'properties': {'bucket': {'type': 'string'},
                                                                                                                                               'enabled': {'const': True,
                                                                                                                                                           'default': True,
                                                                                                                                                           'type': 'boolean'},
                                                                                                                                               'mergeAction': {'const': 'overwrite',
                                                                                                                                                               'default': 'overwrite',
                                                                                                                                                               'type': 'string'},
                                                                                                                                               'prefix': {'type': 'string'}},
                                                                                                                                'required': ['enabled',
                                                                                                                                             'bucket',
                                                                                                                                             'prefix',
                                                                                                                                             'mergeAction'],
                                                                                                                                'type': 'object'}],
                                                                                                                     'default': {'mergeAction': 'overwrite'},
                                                                                                                     'discriminator': 'enabled'},
                                                                                                      'clientRoutingPolicy': {'anyOf': [{'const': 'any_availability_zone',
                                                                                                                                         'type': 'string'},
                                                                                                                                        {'const': 'availability_zone_affinity',
                                                                                                                                         'type': 'string'},
                                                                                                                                        {'const': 'partial_availability_zone_affinity',
                                                                                                                                         'type': 'string'}],
                                                                                                                              'default': 'any_availability_zone'},
                                                                                                      'crossZoneLoadBalancing': {'default': True,
                                                                                                                                 'type': 'boolean'},
                                                                                                      'deletionProtection': {'default': True,
                                                                                                                             'type': 'boolean'},
                                                                                                      'deregistrationConnectionTermination': {'default': False,
                                                                                                                                              'type': 'boolean'},
                                                                                                      'deregistrationDelay': {'default': 1,
                                                                                                                              'maximum': 600,
                                                                                                                              'minimum': 0,
                                                                                                                              'type': 'number'},
                                                                                                      'healthcheck': {'additionalProperties': False,
                                                                                                                      'default': {'healthyThreshold': 3,
                                                                                                                                  'interval': 10,
                                                                                                                                  'port': 'traffic-port',
                                                                                                                                  'timeout': 10,
                                                                                                                                  'unhealthyThreshold': 3},
                                                                                                                      'properties': {'healthyThreshold': {'default': 3,
                                                                                                                                                          'type': 'number'},
                                                                                                                                     'interval': {'default': 10,
                                                                                                                                                  'type': 'number'},
                                                                                                                                     'port': {'anyOf': [{'maximum': 65535,
                                                                                                                                                         'minimum': 1,
                                                                                                                                                         'type': 'number'},
                                                                                                                                                        {'const': 'traffic-port',
                                                                                                                                                         'type': 'string'}],
                                                                                                                                              'default': 'traffic-port'},
                                                                                                                                     'probe': {'anyOf': [{'additionalProperties': False,
                                                                                                                                                          'default': {},
                                                                                                                                                          'properties': {'kind': {'const': 'tcp',
                                                                                                                                                                                  'default': 'tcp',
                                                                                                                                                                                  'type': 'string'},
                                                                                                                                                                         'mergeAction': {'const': 'overwrite',
                                                                                                                                                                                         'default': 'overwrite',
                                                                                                                                                                                         'type': 'string'},
                                                                                                                                                                         'protocol': {'const': 'TCP',
                                                                                                                                                                                      'type': 'string'}},
                                                                                                                                                          'required': ['kind',
                                                                                                                                                                       'protocol',
                                                                                                                                                                       'mergeAction'],
                                                                                                                                                          'type': 'object'},
                                                                                                                                                         {'additionalProperties': False,
                                                                                                                                                          'default': {},
                                                                                                                                                          'properties': {'kind': {'const': 'http',
                                                                                                                                                                                  'default': 'http',
                                                                                                                                                                                  'type': 'string'},
                                                                                                                                                                         'mergeAction': {'const': 'overwrite',
                                                                                                                                                                                         'default': 'overwrite',
                                                                                                                                                                                         'type': 'string'},
                                                                                                                                                                         'path': {'type': 'string'},
                                                                                                                                                                         'protocol': {'anyOf': [{'const': 'HTTP',
                                                                                                                                                                                                 'type': 'string'},
                                                                                                                                                                                                {'const': 'HTTPS',
                                                                                                                                                                                                 'type': 'string'}]},
                                                                                                                                                                         'successCodes': {'type': 'string'}},
                                                                                                                                                          'required': ['kind',
                                                                                                                                                                       'path',
                                                                                                                                                                       'successCodes',
                                                                                                                                                                       'protocol',
                                                                                                                                                                       'mergeAction'],
                                                                                                                                                          'type': 'object'}],
                                                                                                                                               'default': {'mergeAction': 'overwrite'},
                                                                                                                                               'discriminator': 'kind'},
                                                                                                                                     'timeout': {'default': 10,
                                                                                                                                                 'type': 'number'},
                                                                                                                                     'unhealthyThreshold': {'default': 3,
                                                                                                                                                            'type': 'number'}},
                                                                                                                      'required': ['probe',
                                                                                                                                   'healthyThreshold',
                                                                                                                                   'unhealthyThreshold',
                                                                                                                                   'interval',
                                                                                                                                   'timeout',
                                                                                                                                   'port'],
                                                                                                                      'type': 'object'},
                                                                                                      'ports': {'additionalProperties': False,
                                                                                                                'default': {},
                                                                                                                'properties': {'grpc': {'additionalProperties': False,
                                                                                                                                        'default': {},
                                                                                                                                        'properties': {'name': {'type': 'string'},
                                                                                                                                                       'port': {'maximum': 65535,
                                                                                                                                                                'minimum': 1,
                                                                                                                                                                'type': 'number'},
                                                                                                                                                       'protocol': {'anyOf': [{'const': 'TCP',
                                                                                                                                                                               'type': 'string'},
                                                                                                                                                                              {'const': 'UDP',
                                                                                                                                                                               'type': 'string'}],
                                                                                                                                                                    'default': 'TCP'},
                                                                                                                                                       'targetPort': {'maximum': 65535,
                                                                                                                                                                      'minimum': 1,
                                                                                                                                                                      'type': 'number'}},
                                                                                                                                        'required': ['name',
                                                                                                                                                     'port',
                                                                                                                                                     'targetPort',
                                                                                                                                                     'protocol'],
                                                                                                                                        'type': 'object'}},
                                                                                                                'required': ['grpc'],
                                                                                                                'type': 'object'},
                                                                                                      'preserveClientIP': {'default': False,
                                                                                                                           'type': 'boolean'},
                                                                                                      'proxyProtocol': {'default': False,
                                                                                                                        'type': 'boolean'},
                                                                                                      'schema': {'anyOf': [{'const': 'internet-facing',
                                                                                                                            'type': 'string'},
                                                                                                                           {'const': 'internal',
                                                                                                                            'type': 'string'}],
                                                                                                                 'default': 'internal'},
                                                                                                      'ssl': {'anyOf': [{'additionalProperties': False,
                                                                                                                         'default': {},
                                                                                                                         'properties': {'enabled': {'const': False,
                                                                                                                                                    'default': False,
                                                                                                                                                    'type': 'boolean'},
                                                                                                                                        'mergeAction': {'const': 'overwrite',
                                                                                                                                                        'default': 'overwrite',
                                                                                                                                                        'type': 'string'}},
                                                                                                                         'required': ['enabled',
                                                                                                                                      'mergeAction'],
                                                                                                                         'type': 'object'},
                                                                                                                        {'additionalProperties': False,
                                                                                                                         'default': {},
                                                                                                                         'properties': {'certificate': {'type': 'string'},
                                                                                                                                        'enabled': {'const': True,
                                                                                                                                                    'default': True,
                                                                                                                                                    'type': 'boolean'},
                                                                                                                                        'mergeAction': {'const': 'overwrite',
                                                                                                                                                        'default': 'overwrite',
                                                                                                                                                        'type': 'string'},
                                                                                                                                        'ports': {'default': [443],
                                                                                                                                                  'items': {'maximum': 65535,
                                                                                                                                                            'minimum': 1,
                                                                                                                                                            'type': 'number'},
                                                                                                                                                  'type': 'array'}},
                                                                                                                         'required': ['enabled',
                                                                                                                                      'certificate',
                                                                                                                                      'ports',
                                                                                                                                      'mergeAction'],
                                                                                                                         'type': 'object'}],
                                                                                                              'default': {'mergeAction': 'overwrite'},
                                                                                                              'discriminator': 'enabled'},
                                                                                                      'tags': {'default': [],
                                                                                                               'items': {'additionalProperties': False,
                                                                                                                         'default': {},
                                                                                                                         'properties': {'key': {'type': 'string'},
                                                                                                                                        'value': {'type': 'string'}},
                                                                                                                         'required': ['key',
                                                                                                                                      'value'],
                                                                                                                         'type': 'object'},
                                                                                                               'type': 'array'}},
                                                                                       'required': ['accessLogs',
                                                                                                    'deletionProtection',
                                                                                                    'clientRoutingPolicy',
                                                                                                    'crossZoneLoadBalancing',
                                                                                                    'proxyProtocol',
                                                                                                    'ssl',
                                                                                                    'schema',
                                                                                                    'deregistrationDelay',
                                                                                                    'deregistrationConnectionTermination',
                                                                                                    'preserveClientIP',
                                                                                                    'healthcheck',
                                                                                                    'ports',
                                                                                                    'tags'],
                                                                                       'type': 'object'}},
                                                         'required': ['tournament'],
                                                         'type': 'object'}},
                                 'required': ['natives', 'nlbs'],
                                 'type': 'object'},
                    'storages': {'additionalProperties': False,
                                 'default': {},
                                 'properties': {},
                                 'type': 'object'},
                    'workloads': {'additionalProperties': False,
                                  'default': {},
                                  'properties': {'cronjobs': {'additionalProperties': False,
                                                              'default': {},
                                                              'properties': {},
                                                              'type': 'object'},
                                                 'daemonsets': {'additionalProperties': False,
                                                                'default': {},
                                                                'properties': {},
                                                                'type': 'object'},
                                                 'deployments': {'additionalProperties': False,
                                                                 'default': {},
                                                                 'properties': {},
                                                                 'type': 'object'},
                                                 'jobs': {'additionalProperties': False,
                                                          'default': {},
                                                          'properties': {},
                                                          'type': 'object'},
                                                 'rollouts': {'additionalProperties': False,
                                                              'default': {},
                                                              'properties': {},
                                                              'type': 'object'},
                                                 'statefulsets': {'additionalProperties': False,
                                                                  'default': {},
                                                                  'properties': {'tournament': {'additionalProperties': False,
                                                                                                'default': {},
                                                                                                'properties': {'automountServiceAccountToken': {'default': True,
                                                                                                                                                'type': 'boolean'},
                                                                                                               'containers': {'additionalProperties': False,
                                                                                                                              'default': {},
                                                                                                                              'properties': {'tournament': {'additionalProperties': False,
                                                                                                                                                            'default': {},
                                                                                                                                                            'properties': {'envs': {'allOf': [{'additionalProperties': True,
                                                                                                                                                                                               'default': {},
                                                                                                                                                                                               'properties': {},
                                                                                                                                                                                               'type': 'object'},
                                                                                                                                                                                              {'patternProperties': {'^(.*)$': {'anyOf': [{'type': 'string'},
                                                                                                                                                                                                                                          {'type': 'number'}]}},
                                                                                                                                                                                               'type': 'object'}],
                                                                                                                                                                                    'default': {}},
                                                                                                                                                                           'image': {'type': 'string'},
                                                                                                                                                                           'imagePullPolicy': {'anyOf': [{'const': 'Always',
                                                                                                                                                                                                          'type': 'string'},
                                                                                                                                                                                                         {'const': 'IfNotPresent',
                                                                                                                                                                                                          'type': 'string'},
                                                                                                                                                                                                         {'const': 'Never',
                                                                                                                                                                                                          'type': 'string'}],
                                                                                                                                                                                               'default': 'IfNotPresent'},
                                                                                                                                                                           'kind': {'const': 'container',
                                                                                                                                                                                    'default': 'container',
                                                                                                                                                                                    'type': 'string'},
                                                                                                                                                                           'liveness': {'additionalProperties': False,
                                                                                                                                                                                        'default': {},
                                                                                                                                                                                        'properties': {'failureThreshold': {'default': 3,
                                                                                                                                                                                                                            'minimum': 1,
                                                                                                                                                                                                                            'type': 'number'},
                                                                                                                                                                                                       'initialDelaySeconds': {'default': 0,
                                                                                                                                                                                                                               'minimum': 0,
                                                                                                                                                                                                                               'type': 'number'},
                                                                                                                                                                                                       'periodSeconds': {'default': 10,
                                                                                                                                                                                                                         'minimum': 1,
                                                                                                                                                                                                                         'type': 'number'},
                                                                                                                                                                                                       'probe': {'anyOf': [{'additionalProperties': False,
                                                                                                                                                                                                                            'default': {},
                                                                                                                                                                                                                            'properties': {'command': {'items': {'type': 'string'},
                                                                                                                                                                                                                                                       'type': 'array'},
                                                                                                                                                                                                                                           'kind': {'const': 'command',
                                                                                                                                                                                                                                                    'default': 'command',
                                                                                                                                                                                                                                                    'type': 'string'},
                                                                                                                                                                                                                                           'mergeAction': {'const': 'overwrite',
                                                                                                                                                                                                                                                           'default': 'overwrite',
                                                                                                                                                                                                                                                           'type': 'string'}},
                                                                                                                                                                                                                            'required': ['kind',
                                                                                                                                                                                                                                         'command',
                                                                                                                                                                                                                                         'mergeAction'],
                                                                                                                                                                                                                            'type': 'object'},
                                                                                                                                                                                                                           {'additionalProperties': False,
                                                                                                                                                                                                                            'default': {},
                                                                                                                                                                                                                            'properties': {'httpPath': {'type': 'string'},
                                                                                                                                                                                                                                           'kind': {'const': 'http',
                                                                                                                                                                                                                                                    'default': 'http',
                                                                                                                                                                                                                                                    'type': 'string'},
                                                                                                                                                                                                                                           'mergeAction': {'const': 'overwrite',
                                                                                                                                                                                                                                                           'default': 'overwrite',
                                                                                                                                                                                                                                                           'type': 'string'},
                                                                                                                                                                                                                                           'port': {'maximum': 65535,
                                                                                                                                                                                                                                                    'minimum': 1,
                                                                                                                                                                                                                                                    'type': 'number'}},
                                                                                                                                                                                                                            'required': ['kind',
                                                                                                                                                                                                                                         'httpPath',
                                                                                                                                                                                                                                         'port',
                                                                                                                                                                                                                                         'mergeAction'],
                                                                                                                                                                                                                            'type': 'object'},
                                                                                                                                                                                                                           {'additionalProperties': False,
                                                                                                                                                                                                                            'default': {},
                                                                                                                                                                                                                            'properties': {'host': {'type': 'string'},
                                                                                                                                                                                                                                           'httpPath': {'type': 'string'},
                                                                                                                                                                                                                                           'kind': {'const': 'httpWithHost',
                                                                                                                                                                                                                                                    'default': 'httpWithHost',
                                                                                                                                                                                                                                                    'type': 'string'},
                                                                                                                                                                                                                                           'mergeAction': {'const': 'overwrite',
                                                                                                                                                                                                                                                           'default': 'overwrite',
                                                                                                                                                                                                                                                           'type': 'string'},
                                                                                                                                                                                                                                           'port': {'maximum': 65535,
                                                                                                                                                                                                                                                    'minimum': 1,
                                                                                                                                                                                                                                                    'type': 'number'}},
                                                                                                                                                                                                                            'required': ['kind',
                                                                                                                                                                                                                                         'httpPath',
                                                                                                                                                                                                                                         'port',
                                                                                                                                                                                                                                         'host',
                                                                                                                                                                                                                                         'mergeAction'],
                                                                                                                                                                                                                            'type': 'object'},
                                                                                                                                                                                                                           {'additionalProperties': False,
                                                                                                                                                                                                                            'default': {},
                                                                                                                                                                                                                            'properties': {'kind': {'const': 'tcp',
                                                                                                                                                                                                                                                    'default': 'tcp',
                                                                                                                                                                                                                                                    'type': 'string'},
                                                                                                                                                                                                                                           'mergeAction': {'const': 'overwrite',
                                                                                                                                                                                                                                                           'default': 'overwrite',
                                                                                                                                                                                                                                                           'type': 'string'},
                                                                                                                                                                                                                                           'port': {'maximum': 65535,
                                                                                                                                                                                                                                                    'minimum': 1,
                                                                                                                                                                                                                                                    'type': 'number'}},
                                                                                                                                                                                                                            'required': ['kind',
                                                                                                                                                                                                                                         'port',
                                                                                                                                                                                                                                         'mergeAction'],
                                                                                                                                                                                                                            'type': 'object'}],
                                                                                                                                                                                                                 'default': {'mergeAction': 'overwrite'},
                                                                                                                                                                                                                 'discriminator': 'kind'},
                                                                                                                                                                                                       'successThreshold': {'default': 1,
                                                                                                                                                                                                                            'minimum': 1,
                                                                                                                                                                                                                            'type': 'number'},
                                                                                                                                                                                                       'timeoutSeconds': {'default': 1,
                                                                                                                                                                                                                          'minimum': 1,
                                                                                                                                                                                                                          'type': 'number'}},
                                                                                                                                                                                        'required': ['initialDelaySeconds',
                                                                                                                                                                                                     'periodSeconds',
                                                                                                                                                                                                     'timeoutSeconds',
                                                                                                                                                                                                     'successThreshold',
                                                                                                                                                                                                     'failureThreshold',
                                                                                                                                                                                                     'probe'],
                                                                                                                                                                                        'type': 'object'},
                                                                                                                                                                           'ports': {'additionalProperties': False,
                                                                                                                                                                                     'default': {},
                                                                                                                                                                                     'properties': {'grpc': {'additionalProperties': False,
                                                                                                                                                                                                             'default': {},
                                                                                                                                                                                                             'properties': {'name': {'maxLength': 15,
                                                                                                                                                                                                                                     'pattern': '^[a-z0-9]([-a-z0-9]*[a-z0-9])?$',
                                                                                                                                                                                                                                     'type': 'string'},
                                                                                                                                                                                                                            'port': {'maximum': 65535,
                                                                                                                                                                                                                                     'minimum': 1,
                                                                                                                                                                                                                                     'type': 'number'},
                                                                                                                                                                                                                            'protocol': {'anyOf': [{'const': 'TCP',
                                                                                                                                                                                                                                                    'type': 'string'},
                                                                                                                                                                                                                                                   {'const': 'UDP',
                                                                                                                                                                                                                                                    'type': 'string'}],
                                                                                                                                                                                                                                         'default': 'TCP'}},
                                                                                                                                                                                                             'required': ['name',
                                                                                                                                                                                                                          'port',
                                                                                                                                                                                                                          'protocol'],
                                                                                                                                                                                                             'type': 'object'}},
                                                                                                                                                                                     'required': ['grpc'],
                                                                                                                                                                                     'type': 'object'},
                                                                                                                                                                           'readiness': {'additionalProperties': False,
                                                                                                                                                                                         'default': {},
                                                                                                                                                                                         'properties': {'failureThreshold': {'default': 3,
                                                                                                                                                                                                                             'minimum': 1,
                                                                                                                                                                                                                             'type': 'number'},
                                                                                                                                                                                                        'initialDelaySeconds': {'default': 0,
                                                                                                                                                                                                                                'minimum': 0,
                                                                                                                                                                                                                                'type': 'number'},
                                                                                                                                                                                                        'periodSeconds': {'default': 10,
                                                                                                                                                                                                                          'minimum': 1,
                                                                                                                                                                                                                          'type': 'number'},
                                                                                                                                                                                                        'probe': {'anyOf': [{'additionalProperties': False,
                                                                                                                                                                                                                             'default': {},
                                                                                                                                                                                                                             'properties': {'command': {'items': {'type': 'string'},
                                                                                                                                                                                                                                                        'type': 'array'},
                                                                                                                                                                                                                                            'kind': {'const': 'command',
                                                                                                                                                                                                                                                     'default': 'command',
                                                                                                                                                                                                                                                     'type': 'string'},
                                                                                                                                                                                                                                            'mergeAction': {'const': 'overwrite',
                                                                                                                                                                                                                                                            'default': 'overwrite',
                                                                                                                                                                                                                                                            'type': 'string'}},
                                                                                                                                                                                                                             'required': ['kind',
                                                                                                                                                                                                                                          'command',
                                                                                                                                                                                                                                          'mergeAction'],
                                                                                                                                                                                                                             'type': 'object'},
                                                                                                                                                                                                                            {'additionalProperties': False,
                                                                                                                                                                                                                             'default': {},
                                                                                                                                                                                                                             'properties': {'httpPath': {'type': 'string'},
                                                                                                                                                                                                                                            'kind': {'const': 'http',
                                                                                                                                                                                                                                                     'default': 'http',
                                                                                                                                                                                                                                                     'type': 'string'},
                                                                                                                                                                                                                                            'mergeAction': {'const': 'overwrite',
                                                                                                                                                                                                                                                            'default': 'overwrite',
                                                                                                                                                                                                                                                            'type': 'string'},
                                                                                                                                                                                                                                            'port': {'maximum': 65535,
                                                                                                                                                                                                                                                     'minimum': 1,
                                                                                                                                                                                                                                                     'type': 'number'}},
                                                                                                                                                                                                                             'required': ['kind',
                                                                                                                                                                                                                                          'httpPath',
                                                                                                                                                                                                                                          'port',
                                                                                                                                                                                                                                          'mergeAction'],
                                                                                                                                                                                                                             'type': 'object'},
                                                                                                                                                                                                                            {'additionalProperties': False,
                                                                                                                                                                                                                             'default': {},
                                                                                                                                                                                                                             'properties': {'host': {'type': 'string'},
                                                                                                                                                                                                                                            'httpPath': {'type': 'string'},
                                                                                                                                                                                                                                            'kind': {'const': 'httpWithHost',
                                                                                                                                                                                                                                                     'default': 'httpWithHost',
                                                                                                                                                                                                                                                     'type': 'string'},
                                                                                                                                                                                                                                            'mergeAction': {'const': 'overwrite',
                                                                                                                                                                                                                                                            'default': 'overwrite',
                                                                                                                                                                                                                                                            'type': 'string'},
                                                                                                                                                                                                                                            'port': {'maximum': 65535,
                                                                                                                                                                                                                                                     'minimum': 1,
                                                                                                                                                                                                                                                     'type': 'number'}},
                                                                                                                                                                                                                             'required': ['kind',
                                                                                                                                                                                                                                          'httpPath',
                                                                                                                                                                                                                                          'port',
                                                                                                                                                                                                                                          'host',
                                                                                                                                                                                                                                          'mergeAction'],
                                                                                                                                                                                                                             'type': 'object'},
                                                                                                                                                                                                                            {'additionalProperties': False,
                                                                                                                                                                                                                             'default': {},
                                                                                                                                                                                                                             'properties': {'kind': {'const': 'tcp',
                                                                                                                                                                                                                                                     'default': 'tcp',
                                                                                                                                                                                                                                                     'type': 'string'},
                                                                                                                                                                                                                                            'mergeAction': {'const': 'overwrite',
                                                                                                                                                                                                                                                            'default': 'overwrite',
                                                                                                                                                                                                                                                            'type': 'string'},
                                                                                                                                                                                                                                            'port': {'maximum': 65535,
                                                                                                                                                                                                                                                     'minimum': 1,
                                                                                                                                                                                                                                                     'type': 'number'}},
                                                                                                                                                                                                                             'required': ['kind',
                                                                                                                                                                                                                                          'port',
                                                                                                                                                                                                                                          'mergeAction'],
                                                                                                                                                                                                                             'type': 'object'}],
                                                                                                                                                                                                                  'default': {'mergeAction': 'overwrite'},
                                                                                                                                                                                                                  'discriminator': 'kind'},
                                                                                                                                                                                                        'successThreshold': {'default': 1,
                                                                                                                                                                                                                             'minimum': 1,
                                                                                                                                                                                                                             'type': 'number'},
                                                                                                                                                                                                        'timeoutSeconds': {'default': 1,
                                                                                                                                                                                                                           'minimum': 1,
                                                                                                                                                                                                                           'type': 'number'}},
                                                                                                                                                                                         'required': ['initialDelaySeconds',
                                                                                                                                                                                                      'periodSeconds',
                                                                                                                                                                                                      'timeoutSeconds',
                                                                                                                                                                                                      'successThreshold',
                                                                                                                                                                                                      'failureThreshold',
                                                                                                                                                                                                      'probe'],
                                                                                                                                                                                         'type': 'object'},
                                                                                                                                                                           'resources': {'additionalProperties': False,
                                                                                                                                                                                         'default': {},
                                                                                                                                                                                         'properties': {'cpu': {'additionalProperties': False,
                                                                                                                                                                                                                'default': {},
                                                                                                                                                                                                                'properties': {'limitMilliCPU': {'default': 200,
                                                                                                                                                                                                                                                 'minimum': 50,
                                                                                                                                                                                                                                                 'type': 'number'},
                                                                                                                                                                                                                               'requestMilliCPU': {'default': 200,
                                                                                                                                                                                                                                                   'minimum': 50,
                                                                                                                                                                                                                                                   'type': 'number'}},
                                                                                                                                                                                                                'required': ['limitMilliCPU',
                                                                                                                                                                                                                             'requestMilliCPU'],
                                                                                                                                                                                                                'type': 'object'},
                                                                                                                                                                                                        'memory': {'additionalProperties': False,
                                                                                                                                                                                                                   'default': {},
                                                                                                                                                                                                                   'properties': {'limitMiB': {'default': 200,
                                                                                                                                                                                                                                               'minimum': 32,
                                                                                                                                                                                                                                               'type': 'number'},
                                                                                                                                                                                                                                  'requestMiB': {'default': 200,
                                                                                                                                                                                                                                                 'minimum': 32,
                                                                                                                                                                                                                                                 'type': 'number'}},
                                                                                                                                                                                                                   'required': ['limitMiB',
                                                                                                                                                                                                                                'requestMiB'],
                                                                                                                                                                                                                   'type': 'object'}},
                                                                                                                                                                                         'required': ['cpu',
                                                                                                                                                                                                      'memory'],
                                                                                                                                                                                         'type': 'object'},
                                                                                                                                                                           'secretEnvs': {'allOf': [{'additionalProperties': True,
                                                                                                                                                                                                     'default': {},
                                                                                                                                                                                                     'properties': {},
                                                                                                                                                                                                     'type': 'object'},
                                                                                                                                                                                                    {'patternProperties': {'^(.*)$': {'additionalProperties': False,
                                                                                                                                                                                                                                      'default': {},
                                                                                                                                                                                                                                      'properties': {'key': {'type': 'string'},
                                                                                                                                                                                                                                                     'secretName': {'type': 'string'}},
                                                                                                                                                                                                                                      'required': ['key',
                                                                                                                                                                                                                                                   'secretName'],
                                                                                                                                                                                                                                      'type': 'object'}},
                                                                                                                                                                                                     'type': 'object'}],
                                                                                                                                                                                          'default': {}},
                                                                                                                                                                           'startup': {'additionalProperties': False,
                                                                                                                                                                                       'default': {},
                                                                                                                                                                                       'properties': {'failureThreshold': {'default': 3,
                                                                                                                                                                                                                           'minimum': 1,
                                                                                                                                                                                                                           'type': 'number'},
                                                                                                                                                                                                      'initialDelaySeconds': {'default': 0,
                                                                                                                                                                                                                              'minimum': 0,
                                                                                                                                                                                                                              'type': 'number'},
                                                                                                                                                                                                      'periodSeconds': {'default': 10,
                                                                                                                                                                                                                        'minimum': 1,
                                                                                                                                                                                                                        'type': 'number'},
                                                                                                                                                                                                      'probe': {'anyOf': [{'additionalProperties': False,
                                                                                                                                                                                                                           'default': {},
                                                                                                                                                                                                                           'properties': {'command': {'items': {'type': 'string'},
                                                                                                                                                                                                                                                      'type': 'array'},
                                                                                                                                                                                                                                          'kind': {'const': 'command',
                                                                                                                                                                                                                                                   'default': 'command',
                                                                                                                                                                                                                                                   'type': 'string'},
                                                                                                                                                                                                                                          'mergeAction': {'const': 'overwrite',
                                                                                                                                                                                                                                                          'default': 'overwrite',
                                                                                                                                                                                                                                                          'type': 'string'}},
                                                                                                                                                                                                                           'required': ['kind',
                                                                                                                                                                                                                                        'command',
                                                                                                                                                                                                                                        'mergeAction'],
                                                                                                                                                                                                                           'type': 'object'},
                                                                                                                                                                                                                          {'additionalProperties': False,
                                                                                                                                                                                                                           'default': {},
                                                                                                                                                                                                                           'properties': {'httpPath': {'type': 'string'},
                                                                                                                                                                                                                                          'kind': {'const': 'http',
                                                                                                                                                                                                                                                   'default': 'http',
                                                                                                                                                                                                                                                   'type': 'string'},
                                                                                                                                                                                                                                          'mergeAction': {'const': 'overwrite',
                                                                                                                                                                                                                                                          'default': 'overwrite',
                                                                                                                                                                                                                                                          'type': 'string'},
                                                                                                                                                                                                                                          'port': {'maximum': 65535,
                                                                                                                                                                                                                                                   'minimum': 1,
                                                                                                                                                                                                                                                   'type': 'number'}},
                                                                                                                                                                                                                           'required': ['kind',
                                                                                                                                                                                                                                        'httpPath',
                                                                                                                                                                                                                                        'port',
                                                                                                                                                                                                                                        'mergeAction'],
                                                                                                                                                                                                                           'type': 'object'},
                                                                                                                                                                                                                          {'additionalProperties': False,
                                                                                                                                                                                                                           'default': {},
                                                                                                                                                                                                                           'properties': {'host': {'type': 'string'},
                                                                                                                                                                                                                                          'httpPath': {'type': 'string'},
                                                                                                                                                                                                                                          'kind': {'const': 'httpWithHost',
                                                                                                                                                                                                                                                   'default': 'httpWithHost',
                                                                                                                                                                                                                                                   'type': 'string'},
                                                                                                                                                                                                                                          'mergeAction': {'const': 'overwrite',
                                                                                                                                                                                                                                                          'default': 'overwrite',
                                                                                                                                                                                                                                                          'type': 'string'},
                                                                                                                                                                                                                                          'port': {'maximum': 65535,
                                                                                                                                                                                                                                                   'minimum': 1,
                                                                                                                                                                                                                                                   'type': 'number'}},
                                                                                                                                                                                                                           'required': ['kind',
                                                                                                                                                                                                                                        'httpPath',
                                                                                                                                                                                                                                        'port',
                                                                                                                                                                                                                                        'host',
                                                                                                                                                                                                                                        'mergeAction'],
                                                                                                                                                                                                                           'type': 'object'},
                                                                                                                                                                                                                          {'additionalProperties': False,
                                                                                                                                                                                                                           'default': {},
                                                                                                                                                                                                                           'properties': {'kind': {'const': 'tcp',
                                                                                                                                                                                                                                                   'default': 'tcp',
                                                                                                                                                                                                                                                   'type': 'string'},
                                                                                                                                                                                                                                          'mergeAction': {'const': 'overwrite',
                                                                                                                                                                                                                                                          'default': 'overwrite',
                                                                                                                                                                                                                                                          'type': 'string'},
                                                                                                                                                                                                                                          'port': {'maximum': 65535,
                                                                                                                                                                                                                                                   'minimum': 1,
                                                                                                                                                                                                                                                   'type': 'number'}},
                                                                                                                                                                                                                           'required': ['kind',
                                                                                                                                                                                                                                        'port',
                                                                                                                                                                                                                                        'mergeAction'],
                                                                                                                                                                                                                           'type': 'object'}],
                                                                                                                                                                                                                'default': {'mergeAction': 'overwrite'},
                                                                                                                                                                                                                'discriminator': 'kind'},
                                                                                                                                                                                                      'successThreshold': {'default': 1,
                                                                                                                                                                                                                           'minimum': 1,
                                                                                                                                                                                                                           'type': 'number'},
                                                                                                                                                                                                      'timeoutSeconds': {'default': 1,
                                                                                                                                                                                                                         'minimum': 1,
                                                                                                                                                                                                                         'type': 'number'}},
                                                                                                                                                                                       'required': ['initialDelaySeconds',
                                                                                                                                                                                                    'periodSeconds',
                                                                                                                                                                                                    'timeoutSeconds',
                                                                                                                                                                                                    'successThreshold',
                                                                                                                                                                                                    'failureThreshold',
                                                                                                                                                                                                    'probe'],
                                                                                                                                                                                       'type': 'object'}},
                                                                                                                                                            'required': ['kind',
                                                                                                                                                                         'image',
                                                                                                                                                                         'imagePullPolicy',
                                                                                                                                                                         'resources',
                                                                                                                                                                         'readiness',
                                                                                                                                                                         'liveness',
                                                                                                                                                                         'startup',
                                                                                                                                                                         'ports',
                                                                                                                                                                         'envs',
                                                                                                                                                                         'secretEnvs'],
                                                                                                                                                            'type': 'object'}},
                                                                                                                              'required': ['tournament'],
                                                                                                                              'type': 'object'},
                                                                                                               'initContainers': {'additionalProperties': False,
                                                                                                                                  'default': {},
                                                                                                                                  'properties': {},
                                                                                                                                  'type': 'object'},
                                                                                                               'injectors': {'additionalProperties': False,
                                                                                                                             'default': {},
                                                                                                                             'properties': {},
                                                                                                                             'type': 'object'},
                                                                                                               'kind': {'const': 'statefulset',
                                                                                                                        'default': 'statefulset',
                                                                                                                        'type': 'string'},
                                                                                                               'metadata': {'additionalProperties': False,
                                                                                                                            'default': {},
                                                                                                                            'properties': {'labels': {'default': {},
                                                                                                                                                      'patternProperties': {'^(.*)$': {'type': 'string'}},
                                                                                                                                                      'type': 'object'}},
                                                                                                                            'required': ['labels'],
                                                                                                                            'type': 'object'},
                                                                                                               'monitorings': {'additionalProperties': False,
                                                                                                                               'default': {},
                                                                                                                               'properties': {'log': {'additionalProperties': False,
                                                                                                                                                      'default': {},
                                                                                                                                                      'properties': {'enabled': {'default': True,
                                                                                                                                                                                 'type': 'boolean'},
                                                                                                                                                                     'multiLineParser': {'anyOf': [{'const': '',
                                                                                                                                                                                                    'type': 'string'},
                                                                                                                                                                                                   {'const': 'peak_multiline_java',
                                                                                                                                                                                                    'type': 'string'}],
                                                                                                                                                                                         'default': ''}},
                                                                                                                                                      'required': ['enabled',
                                                                                                                                                                   'multiLineParser'],
                                                                                                                                                      'type': 'object'}},
                                                                                                                               'required': ['log'],
                                                                                                                               'type': 'object'},
                                                                                                               'nativeSidecarContainers': {'additionalProperties': False,
                                                                                                                                           'default': {},
                                                                                                                                           'properties': {},
                                                                                                                                           'type': 'object'},
                                                                                                               'permissions': {'additionalProperties': False,
                                                                                                                               'default': {},
                                                                                                                               'properties': {'serviceAccount': {'additionalProperties': False,
                                                                                                                                                                 'default': {},
                                                                                                                                                                 'properties': {'iamRole': {'type': 'string'}},
                                                                                                                                                                 'required': ['iamRole'],
                                                                                                                                                                 'type': 'object'}},
                                                                                                                               'required': ['serviceAccount'],
                                                                                                                               'type': 'object'},
                                                                                                               'podManagementPolicy': {'anyOf': [{'const': 'OrderedReady',
                                                                                                                                                  'type': 'string'},
                                                                                                                                                 {'const': 'Parallel',
                                                                                                                                                  'type': 'string'}],
                                                                                                                                       'default': 'OrderedReady'},
                                                                                                               'readinessGate': {'anyOf': [{'additionalProperties': False,
                                                                                                                                            'default': {},
                                                                                                                                            'properties': {'enabled': {'const': False,
                                                                                                                                                                       'default': False,
                                                                                                                                                                       'type': 'boolean'}},
                                                                                                                                            'required': ['enabled'],
                                                                                                                                            'type': 'object'},
                                                                                                                                           {'additionalProperties': False,
                                                                                                                                            'default': {},
                                                                                                                                            'properties': {'enabled': {'const': True,
                                                                                                                                                                       'default': True,
                                                                                                                                                                       'type': 'boolean'},
                                                                                                                                                           'sleepSeconds': {'type': 'number'}},
                                                                                                                                            'required': ['enabled',
                                                                                                                                                         'sleepSeconds'],
                                                                                                                                            'type': 'object'}],
                                                                                                                                 'discriminator': 'enabled'},
                                                                                                               'replicas': {'default': 2,
                                                                                                                            'maximum': 999,
                                                                                                                            'minimum': 0,
                                                                                                                            'type': 'number'},
                                                                                                               'scheduling': {'additionalProperties': False,
                                                                                                                              'default': {},
                                                                                                                              'properties': {'podDisruptionBudget': {'additionalProperties': False,
                                                                                                                                                                     'default': {},
                                                                                                                                                                     'properties': {'maxUnavailable': {'anyOf': [{'type': 'number'},
                                                                                                                                                                                                                 {'type': 'string'},
                                                                                                                                                                                                                 {'type': 'null'}],
                                                                                                                                                                                                       'default': None},
                                                                                                                                                                                    'minAvailable': {'anyOf': [{'default': 1,
                                                                                                                                                                                                                'minimum': 0,
                                                                                                                                                                                                                'type': 'number'},
                                                                                                                                                                                                               {'type': 'string'}]}},
                                                                                                                                                                     'required': ['minAvailable',
                                                                                                                                                                                  'maxUnavailable'],
                                                                                                                                                                     'type': 'object'}},
                                                                                                                              'required': ['podDisruptionBudget'],
                                                                                                                              'type': 'object'},
                                                                                                               'secrets': {'additionalProperties': False,
                                                                                                                           'default': {},
                                                                                                                           'properties': {},
                                                                                                                           'type': 'object'},
                                                                                                               'storages': {'additionalProperties': False,
                                                                                                                            'default': {},
                                                                                                                            'properties': {'data': {'additionalProperties': False,
                                                                                                                                                    'default': {},
                                                                                                                                                    'properties': {'accessModes': {'default': ['ReadWriteOnce'],
                                                                                                                                                                                   'items': {'anyOf': [{'const': 'ReadWriteOnce',
                                                                                                                                                                                                        'type': 'string'},
                                                                                                                                                                                                       {'const': 'ReadOnlyMany',
                                                                                                                                                                                                        'type': 'string'},
                                                                                                                                                                                                       {'const': 'ReadWriteMany',
                                                                                                                                                                                                        'type': 'string'},
                                                                                                                                                                                                       {'const': 'ReadWriteOncePod',
                                                                                                                                                                                                        'type': 'string'}],
                                                                                                                                                                                             'default': 'ReadWriteOnce'},
                                                                                                                                                                                   'type': 'array'},
                                                                                                                                                                   'storageClass': {'default': 'gp3',
                                                                                                                                                                                    'type': 'string'},
                                                                                                                                                                   'storageGibiBytes': {'default': 50,
                                                                                                                                                                                        'minimum': 10,
                                                                                                                                                                                        'type': 'number'}},
                                                                                                                                                    'required': ['accessModes',
                                                                                                                                                                 'storageGibiBytes',
                                                                                                                                                                 'storageClass'],
                                                                                                                                                    'type': 'object'}},
                                                                                                                            'required': ['data'],
                                                                                                                            'type': 'object'},
                                                                                                               'strategy': {'additionalProperties': False,
                                                                                                                            'default': {},
                                                                                                                            'properties': {'kind': {'const': 'rollingupdate',
                                                                                                                                                    'default': 'rollingupdate',
                                                                                                                                                    'type': 'string'},
                                                                                                                                           'mergeAction': {'const': 'overwrite',
                                                                                                                                                           'default': 'overwrite',
                                                                                                                                                           'type': 'string'},
                                                                                                                                           'rollingUpdate': {'additionalProperties': False,
                                                                                                                                                             'default': {'partition': 0},
                                                                                                                                                             'properties': {'partition': {'default': 0,
                                                                                                                                                                                          'minimum': 0,
                                                                                                                                                                                          'type': 'number'}},
                                                                                                                                                             'required': ['partition'],
                                                                                                                                                             'type': 'object'}},
                                                                                                                            'required': ['kind',
                                                                                                                                         'rollingUpdate',
                                                                                                                                         'mergeAction'],
                                                                                                                            'type': 'object'},
                                                                                                               'terminationGracePeriodSeconds': {'default': 30,
                                                                                                                                                 'maximum': 9999,
                                                                                                                                                 'minimum': 0,
                                                                                                                                                 'type': 'number'},
                                                                                                               'topologySpread': {'default': [{'matchLabelKeys': [],
                                                                                                                                               'maxSkew': 1,
                                                                                                                                               'minDomains': 1,
                                                                                                                                               'nodeAffinityPolicy': 'Honor',
                                                                                                                                               'nodeTaintsPolicy': 'Honor',
                                                                                                                                               'topologyKey': 'topology.kubernetes.io/zone',
                                                                                                                                               'whenUnsatisfiable': 'DoNotSchedule'}],
                                                                                                                                  'items': {'anyOf': [{'additionalProperties': False,
                                                                                                                                                       'default': {},
                                                                                                                                                       'properties': {'matchLabelKeys': {'default': [],
                                                                                                                                                                                         'items': {'type': 'string'},
                                                                                                                                                                                         'type': 'array'},
                                                                                                                                                                      'maxSkew': {'default': 1,
                                                                                                                                                                                  'minimum': 1,
                                                                                                                                                                                  'type': 'number'},
                                                                                                                                                                      'minDomains': {'default': 1,
                                                                                                                                                                                     'minimum': 0,
                                                                                                                                                                                     'type': 'number'},
                                                                                                                                                                      'nodeAffinityPolicy': {'anyOf': [{'const': 'Honor',
                                                                                                                                                                                                        'type': 'string'},
                                                                                                                                                                                                       {'const': 'Ignore',
                                                                                                                                                                                                        'type': 'string'}],
                                                                                                                                                                                             'default': 'Honor'},
                                                                                                                                                                      'nodeTaintsPolicy': {'anyOf': [{'const': 'Honor',
                                                                                                                                                                                                      'type': 'string'},
                                                                                                                                                                                                     {'const': 'Ignore',
                                                                                                                                                                                                      'type': 'string'}],
                                                                                                                                                                                           'default': 'Honor'},
                                                                                                                                                                      'topologyKey': {'anyOf': [{'const': 'kubernetes.io/hostname',
                                                                                                                                                                                                 'type': 'string'},
                                                                                                                                                                                                {'const': 'topology.kubernetes.io/zone',
                                                                                                                                                                                                 'type': 'string'},
                                                                                                                                                                                                {'const': 'topology.kubernetes.io/region',
                                                                                                                                                                                                 'type': 'string'}]},
                                                                                                                                                                      'whenUnsatisfiable': {'const': 'DoNotSchedule',
                                                                                                                                                                                            'default': 'DoNotSchedule',
                                                                                                                                                                                            'type': 'string'}},
                                                                                                                                                       'required': ['matchLabelKeys',
                                                                                                                                                                    'maxSkew',
                                                                                                                                                                    'minDomains',
                                                                                                                                                                    'nodeAffinityPolicy',
                                                                                                                                                                    'nodeTaintsPolicy',
                                                                                                                                                                    'topologyKey',
                                                                                                                                                                    'whenUnsatisfiable'],
                                                                                                                                                       'type': 'object'},
                                                                                                                                                      {'additionalProperties': False,
                                                                                                                                                       'default': {},
                                                                                                                                                       'properties': {'matchLabelKeys': {'default': [],
                                                                                                                                                                                         'items': {'type': 'string'},
                                                                                                                                                                                         'type': 'array'},
                                                                                                                                                                      'maxSkew': {'default': 1,
                                                                                                                                                                                  'minimum': 1,
                                                                                                                                                                                  'type': 'number'},
                                                                                                                                                                      'nodeAffinityPolicy': {'anyOf': [{'const': 'Honor',
                                                                                                                                                                                                        'type': 'string'},
                                                                                                                                                                                                       {'const': 'Ignore',
                                                                                                                                                                                                        'type': 'string'}],
                                                                                                                                                                                             'default': 'Honor'},
                                                                                                                                                                      'nodeTaintsPolicy': {'anyOf': [{'const': 'Honor',
                                                                                                                                                                                                      'type': 'string'},
                                                                                                                                                                                                     {'const': 'Ignore',
                                                                                                                                                                                                      'type': 'string'}],
                                                                                                                                                                                           'default': 'Honor'},
                                                                                                                                                                      'topologyKey': {'anyOf': [{'const': 'kubernetes.io/hostname',
                                                                                                                                                                                                 'type': 'string'},
                                                                                                                                                                                                {'const': 'topology.kubernetes.io/zone',
                                                                                                                                                                                                 'type': 'string'},
                                                                                                                                                                                                {'const': 'topology.kubernetes.io/region',
                                                                                                                                                                                                 'type': 'string'}]},
                                                                                                                                                                      'whenUnsatisfiable': {'const': 'ScheduleAnyway',
                                                                                                                                                                                            'default': 'ScheduleAnyway',
                                                                                                                                                                                            'type': 'string'}},
                                                                                                                                                       'required': ['matchLabelKeys',
                                                                                                                                                                    'maxSkew',
                                                                                                                                                                    'nodeAffinityPolicy',
                                                                                                                                                                    'nodeTaintsPolicy',
                                                                                                                                                                    'topologyKey',
                                                                                                                                                                    'whenUnsatisfiable'],
                                                                                                                                                       'type': 'object'}]},
                                                                                                                                  'type': 'array'}},
                                                                                                'required': ['kind',
                                                                                                             'metadata',
                                                                                                             'replicas',
                                                                                                             'automountServiceAccountToken',
                                                                                                             'terminationGracePeriodSeconds',
                                                                                                             'initContainers',
                                                                                                             'nativeSidecarContainers',
                                                                                                             'containers',
                                                                                                             'secrets',
                                                                                                             'strategy',
                                                                                                             'permissions',
                                                                                                             'storages',
                                                                                                             'injectors',
                                                                                                             'monitorings',
                                                                                                             'topologySpread',
                                                                                                             'scheduling',
                                                                                                             'readinessGate',
                                                                                                             'podManagementPolicy'],
                                                                                                'type': 'object'}},
                                                                  'required': ['tournament'],
                                                                  'type': 'object'}},
                                  'required': ['deployments',
                                               'statefulsets',
                                               'rollouts',
                                               'daemonsets',
                                               'cronjobs',
                                               'jobs'],
                                  'type': 'object'}},
     'required': ['namespace',
                  'serviceGroup',
                  'serviceEnv',
                  'workloads',
                  'ingresses',
                  'services',
                  'storages'],
     'type': 'object'}

On instance:
    {'ingresses': {'albs': {}, 'nginxes': {}},
     'namespace': 'bigdata',
     'serviceEnv': 'test',
     'serviceGroup': 'tournament',
     'services': {'natives': {},
                  'nlbs': {'tournament': {'accessLogs': {'enabled': False,
                                                         'mergeAction': 'overwrite'},
                                          'clientRoutingPolicy': 'any_availability_zone',
                                          'crossZoneLoadBalancing': True,
                                          'deletionProtection': True,
                                          'deregistrationConnectionTermination': False,
                                          'deregistrationDelay': 1,
                                          'healthcheck': {'healthyThreshold': 3,
                                                          'interval': 10,
                                                          'port': 'traffic-port',
                                                          'probe': {'kind': 'http',
                                                                    'mergeAction': 'overwrite',
                                                                    'path': '/ready',
                                                                    'protocol': 'HTTP',
                                                                    'successCodes': '200'},
                                                          'timeout': 10,
                                                          'unhealthyThreshold': 3},
                                          'ports': {'grpc': {'name': 'grpc',
                                                             'port': 4444,
                                                             'protocol': 'TCP',
                                                             'targetPort': 4444}},
                                          'preserveClientIP': False,
                                          'proxyProtocol': False,
                                          'schema': 'internal',
                                          'ssl': {'enabled': False,
                                                  'mergeAction': 'overwrite'},
                                          'tags': []}}},
     'storages': {'data': {'accessModes': ['ReadWriteOnce'],
                           'storageClass': 'gp3',
                           'storageGibiBytes': 50}},
     'workloads': {'cronjobs': {},
                   'daemonsets': {},
                   'deployments': {},
                   'jobs': {},
                   'rollouts': {},
                   'statefulsets': {'tournament': {'automountServiceAccountToken': True,
                                                   'containers': {'tournament': {'envs': {},
                                                                                 'image': 'tournament:3.2.2',
                                                                                 'imagePullPolicy': 'IfNotPresent',
                                                                                 'kind': 'container',
                                                                                 'liveness': {'failureThreshold': 3,
                                                                                              'initialDelaySeconds': 0,
                                                                                              'periodSeconds': 10,
                                                                                              'probe': {'httpPath': '/live',
                                                                                                        'kind': 'http',
                                                                                                        'mergeAction': 'overwrite',
                                                                                                        'port': 4444},
                                                                                              'successThreshold': 1,
                                                                                              'timeoutSeconds': 1},
                                                                                 'ports': {'grpc': {'name': 'grpc',
                                                                                                    'port': 4444,
                                                                                                    'protocol': 'TCP'}},
                                                                                 'readiness': {'failureThreshold': 3,
                                                                                               'initialDelaySeconds': 0,
                                                                                               'periodSeconds': 10,
                                                                                               'probe': {'httpPath': '/ready',
                                                                                                         'kind': 'http',
                                                                                                         'mergeAction': 'overwrite',
                                                                                                         'port': 4444},
                                                                                               'successThreshold': 1,
                                                                                               'timeoutSeconds': 1},
                                                                                 'resources': {'cpu': {'limitMilliCPU': 500000,
                                                                                                       'requestMilliCPU': 2000},
                                                                                               'memory': {'limitMiB': 2147483648,
                                                                                                          'requestMiB': 4096}},
                                                                                 'secretEnvs': {},
                                                                                 'startup': {'failureThreshold': 3,
                                                                                             'initialDelaySeconds': 0,
                                                                                             'periodSeconds': 10,
                                                                                             'probe': {'httpPath': '/start',
                                                                                                       'kind': 'http',
                                                                                                       'mergeAction': 'overwrite',
                                                                                                       'port': 4444},
                                                                                             'successThreshold': 1,
                                                                                             'timeoutSeconds': 1}}}}},
                   'initContainers': {},
                   'injectors': {}},
     'kind': 'statefulset',
     'metadata': {'labels': {}},
     'monitorings': {'log': {'enabled': True, 'multiLineParser': ''}},
     'nativeSidecarContainers': {},
     'permissions': {'serviceAccount': {'iamRole': 'arn:aws:iam::111111111111:role/kubernetes-test-tournament'}},
     'podManagementPolicy': 'OrderedReady',
     'readinessGate': {'enabled': False},
     'replicas': 2,
     'scheduling': {'podDisruptionBudget': {'maxUnavailable': None,
                                            'minAvailable': 1}},
     'secrets': {},
     'strategy': {'kind': 'rollingupdate',
                  'mergeAction': 'overwrite',
                  'rollingUpdate': {'partition': 0}},
     'terminationGracePeriodSeconds': 30,
     'topologySpread': [{'matchLabelKeys': [],
                         'maxSkew': 1,
                         'minDomains': 1,
                         'nodeAffinityPolicy': 'Honor',
                         'nodeTaintsPolicy': 'Honor',
                         'topologyKey': 'topology.kubernetes.io/zone',
                         'whenUnsatisfiable': 'DoNotSchedule'}]}
INFO:werkzeug:172.18.0.1 - - [05/Feb/2026 00:49:59] "[31m[1mPOST /message HTTP/1.1[0m" 422 -
 * Serving Flask app 'main'
 * Debug mode: off
INFO:werkzeug:[31m[1mWARNING: This is a development server. Do not use it in a production deployment. Use a production WSGI server instead.[0m
 * Running on all addresses (0.0.0.0)
 * Running on http://127.0.0.1:5003
 * Running on http://172.18.0.4:5003
INFO:werkzeug:[33mPress CTRL+C to quit[0m
INFO:__main__:ai identified app as: tournament
ERROR:__main__:schema validation failed: Additional properties are not allowed ('kind', 'metadata', 'monitorings', 'nativeSidecarContainers', 'permissions', 'podManagementPolicy', 'readinessGate', 'replicas', 'scheduling', 'secrets', 'strategy', 'terminationGracePeriodSeconds', 'topologySpread' were unexpected)

Failed validating 'additionalProperties' in schema:
    {'additionalProperties': False,
     'default': {},
     'properties': {'ingresses': {'additionalProperties': False,
                                  'default': {},
                                  'properties': {'albs': {'additionalProperties': False,
                                                          'default': {},
                                                          'properties': {},
                                                          'type': 'object'},
                                                 'nginxes': {'additionalProperties': False,
                                                             'default': {},
                                                             'properties': {},
                                                             'type': 'object'}},
                                  'required': ['nginxes', 'albs'],
                                  'type': 'object'},
                    'namespace': {'type': 'string'},
                    'serviceEnv': {'type': 'string'},
                    'serviceGroup': {'type': 'string'},
                    'services': {'additionalProperties': False,
                                 'default': {},
                                 'properties': {'natives': {'additionalProperties': False,
                                                            'default': {},
                                                            'properties': {},
                                                            'type': 'object'},
                                                'nlbs': {'additionalProperties': False,
                                                         'default': {},
                                                         'properties': {'tournament': {'additionalProperties': False,
                                                                                       'default': {},
                                                                                       'properties': {'accessLogs': {'anyOf': [{'additionalProperties': False,
                                                                                                                                'default': {},
                                                                                                                                'properties': {'enabled': {'const': False,
                                                                                                                                                           'default': False,
                                                                                                                                                           'type': 'boolean'},
                                                                                                                                               'mergeAction': {'const': 'overwrite',
                                                                                                                                                               'default': 'overwrite',
                                                                                                                                                               'type': 'string'}},
                                                                                                                                'required': ['enabled',
                                                                                                                                             'mergeAction'],
                                                                                                                                'type': 'object'},
                                                                                                                               {'additionalProperties': False,
                                                                                                                                'default': {},
                                                                                                                                'properties': {'bucket': {'type': 'string'},
                                                                                                                                               'enabled': {'const': True,
                                                                                                                                                           'default': True,
                                                                                                                                                           'type': 'boolean'},
                                                                                                                                               'mergeAction': {'const': 'overwrite',
                                                                                                                                                               'default': 'overwrite',
                                                                                                                                                               'type': 'string'},
                                                                                                                                               'prefix': {'type': 'string'}},
                                                                                                                                'required': ['enabled',
                                                                                                                                             'bucket',
                                                                                                                                             'prefix',
                                                                                                                                             'mergeAction'],
                                                                                                                                'type': 'object'}],
                                                                                                                     'default': {'mergeAction': 'overwrite'},
                                                                                                                     'discriminator': 'enabled'},
                                                                                                      'clientRoutingPolicy': {'anyOf': [{'const': 'any_availability_zone',
                                                                                                                                         'type': 'string'},
                                                                                                                                        {'const': 'availability_zone_affinity',
                                                                                                                                         'type': 'string'},
                                                                                                                                        {'const': 'partial_availability_zone_affinity',
                                                                                                                                         'type': 'string'}],
                                                                                                                              'default': 'any_availability_zone'},
                                                                                                      'crossZoneLoadBalancing': {'default': True,
                                                                                                                                 'type': 'boolean'},
                                                                                                      'deletionProtection': {'default': True,
                                                                                                                             'type': 'boolean'},
                                                                                                      'deregistrationConnectionTermination': {'default': False,
                                                                                                                                              'type': 'boolean'},
                                                                                                      'deregistrationDelay': {'default': 1,
                                                                                                                              'maximum': 600,
                                                                                                                              'minimum': 0,
                                                                                                                              'type': 'number'},
                                                                                                      'healthcheck': {'additionalProperties': False,
                                                                                                                      'default': {'healthyThreshold': 3,
                                                                                                                                  'interval': 10,
                                                                                                                                  'port': 'traffic-port',
                                                                                                                                  'timeout': 10,
                                                                                                                                  'unhealthyThreshold': 3},
                                                                                                                      'properties': {'healthyThreshold': {'default': 3,
                                                                                                                                                          'type': 'number'},
                                                                                                                                     'interval': {'default': 10,
                                                                                                                                                  'type': 'number'},
                                                                                                                                     'port': {'anyOf': [{'maximum': 65535,
                                                                                                                                                         'minimum': 1,
                                                                                                                                                         'type': 'number'},
                                                                                                                                                        {'const': 'traffic-port',
                                                                                                                                                         'type': 'string'}],
                                                                                                                                              'default': 'traffic-port'},
                                                                                                                                     'probe': {'anyOf': [{'additionalProperties': False,
                                                                                                                                                          'default': {},
                                                                                                                                                          'properties': {'kind': {'const': 'tcp',
                                                                                                                                                                                  'default': 'tcp',
                                                                                                                                                                                  'type': 'string'},
                                                                                                                                                                         'mergeAction': {'const': 'overwrite',
                                                                                                                                                                                         'default': 'overwrite',
                                                                                                                                                                                         'type': 'string'},
                                                                                                                                                                         'protocol': {'const': 'TCP',
                                                                                                                                                                                      'type': 'string'}},
                                                                                                                                                          'required': ['kind',
                                                                                                                                                                       'protocol',
                                                                                                                                                                       'mergeAction'],
                                                                                                                                                          'type': 'object'},
                                                                                                                                                         {'additionalProperties': False,
                                                                                                                                                          'default': {},
                                                                                                                                                          'properties': {'kind': {'const': 'http',
                                                                                                                                                                                  'default': 'http',
                                                                                                                                                                                  'type': 'string'},
                                                                                                                                                                         'mergeAction': {'const': 'overwrite',
                                                                                                                                                                                         'default': 'overwrite',
                                                                                                                                                                                         'type': 'string'},
                                                                                                                                                                         'path': {'type': 'string'},
                                                                                                                                                                         'protocol': {'anyOf': [{'const': 'HTTP',
                                                                                                                                                                                                 'type': 'string'},
                                                                                                                                                                                                {'const': 'HTTPS',
                                                                                                                                                                                                 'type': 'string'}]},
                                                                                                                                                                         'successCodes': {'type': 'string'}},
                                                                                                                                                          'required': ['kind',
                                                                                                                                                                       'path',
                                                                                                                                                                       'successCodes',
                                                                                                                                                                       'protocol',
                                                                                                                                                                       'mergeAction'],
                                                                                                                                                          'type': 'object'}],
                                                                                                                                               'default': {'mergeAction': 'overwrite'},
                                                                                                                                               'discriminator': 'kind'},
                                                                                                                                     'timeout': {'default': 10,
                                                                                                                                                 'type': 'number'},
                                                                                                                                     'unhealthyThreshold': {'default': 3,
                                                                                                                                                            'type': 'number'}},
                                                                                                                      'required': ['probe',
                                                                                                                                   'healthyThreshold',
                                                                                                                                   'unhealthyThreshold',
                                                                                                                                   'interval',
                                                                                                                                   'timeout',
                                                                                                                                   'port'],
                                                                                                                      'type': 'object'},
                                                                                                      'ports': {'additionalProperties': False,
                                                                                                                'default': {},
                                                                                                                'properties': {'grpc': {'additionalProperties': False,
                                                                                                                                        'default': {},
                                                                                                                                        'properties': {'name': {'type': 'string'},
                                                                                                                                                       'port': {'maximum': 65535,
                                                                                                                                                                'minimum': 1,
                                                                                                                                                                'type': 'number'},
                                                                                                                                                       'protocol': {'anyOf': [{'const': 'TCP',
                                                                                                                                                                               'type': 'string'},
                                                                                                                                                                              {'const': 'UDP',
                                                                                                                                                                               'type': 'string'}],
                                                                                                                                                                    'default': 'TCP'},
                                                                                                                                                       'targetPort': {'maximum': 65535,
                                                                                                                                                                      'minimum': 1,
                                                                                                                                                                      'type': 'number'}},
                                                                                                                                        'required': ['name',
                                                                                                                                                     'port',
                                                                                                                                                     'targetPort',
                                                                                                                                                     'protocol'],
                                                                                                                                        'type': 'object'}},
                                                                                                                'required': ['grpc'],
                                                                                                                'type': 'object'},
                                                                                                      'preserveClientIP': {'default': False,
                                                                                                                           'type': 'boolean'},
                                                                                                      'proxyProtocol': {'default': False,
                                                                                                                        'type': 'boolean'},
                                                                                                      'schema': {'anyOf': [{'const': 'internet-facing',
                                                                                                                            'type': 'string'},
                                                                                                                           {'const': 'internal',
                                                                                                                            'type': 'string'}],
                                                                                                                 'default': 'internal'},
                                                                                                      'ssl': {'anyOf': [{'additionalProperties': False,
                                                                                                                         'default': {},
                                                                                                                         'properties': {'enabled': {'const': False,
                                                                                                                                                    'default': False,
                                                                                                                                                    'type': 'boolean'},
                                                                                                                                        'mergeAction': {'const': 'overwrite',
                                                                                                                                                        'default': 'overwrite',
                                                                                                                                                        'type': 'string'}},
                                                                                                                         'required': ['enabled',
                                                                                                                                      'mergeAction'],
                                                                                                                         'type': 'object'},
                                                                                                                        {'additionalProperties': False,
                                                                                                                         'default': {},
                                                                                                                         'properties': {'certificate': {'type': 'string'},
                                                                                                                                        'enabled': {'const': True,
                                                                                                                                                    'default': True,
                                                                                                                                                    'type': 'boolean'},
                                                                                                                                        'mergeAction': {'const': 'overwrite',
                                                                                                                                                        'default': 'overwrite',
                                                                                                                                                        'type': 'string'},
                                                                                                                                        'ports': {'default': [443],
                                                                                                                                                  'items': {'maximum': 65535,
                                                                                                                                                            'minimum': 1,
                                                                                                                                                            'type': 'number'},
                                                                                                                                                  'type': 'array'}},
                                                                                                                         'required': ['enabled',
                                                                                                                                      'certificate',
                                                                                                                                      'ports',
                                                                                                                                      'mergeAction'],
                                                                                                                         'type': 'object'}],
                                                                                                              'default': {'mergeAction': 'overwrite'},
                                                                                                              'discriminator': 'enabled'},
                                                                                                      'tags': {'default': [],
                                                                                                               'items': {'additionalProperties': False,
                                                                                                                         'default': {},
                                                                                                                         'properties': {'key': {'type': 'string'},
                                                                                                                                        'value': {'type': 'string'}},
                                                                                                                         'required': ['key',
                                                                                                                                      'value'],
                                                                                                                         'type': 'object'},
                                                                                                               'type': 'array'}},
                                                                                       'required': ['accessLogs',
                                                                                                    'deletionProtection',
                                                                                                    'clientRoutingPolicy',
                                                                                                    'crossZoneLoadBalancing',
                                                                                                    'proxyProtocol',
                                                                                                    'ssl',
                                                                                                    'schema',
                                                                                                    'deregistrationDelay',
                                                                                                    'deregistrationConnectionTermination',
                                                                                                    'preserveClientIP',
                                                                                                    'healthcheck',
                                                                                                    'ports',
                                                                                                    'tags'],
                                                                                       'type': 'object'}},
                                                         'required': ['tournament'],
                                                         'type': 'object'}},
                                 'required': ['natives', 'nlbs'],
                                 'type': 'object'},
                    'storages': {'additionalProperties': False,
                                 'default': {},
                                 'properties': {},
                                 'type': 'object'},
                    'workloads': {'additionalProperties': False,
                                  'default': {},
                                  'properties': {'cronjobs': {'additionalProperties': False,
                                                              'default': {},
                                                              'properties': {},
                                                              'type': 'object'},
                                                 'daemonsets': {'additionalProperties': False,
                                                                'default': {},
                                                                'properties': {},
                                                                'type': 'object'},
                                                 'deployments': {'additionalProperties': False,
                                                                 'default': {},
                                                                 'properties': {},
                                                                 'type': 'object'},
                                                 'jobs': {'additionalProperties': False,
                                                          'default': {},
                                                          'properties': {},
                                                          'type': 'object'},
                                                 'rollouts': {'additionalProperties': False,
                                                              'default': {},
                                                              'properties': {},
                                                              'type': 'object'},
                                                 'statefulsets': {'additionalProperties': False,
                                                                  'default': {},
                                                                  'properties': {'tournament': {'additionalProperties': False,
                                                                                                'default': {},
                                                                                                'properties': {'automountServiceAccountToken': {'default': True,
                                                                                                                                                'type': 'boolean'},
                                                                                                               'containers': {'additionalProperties': False,
                                                                                                                              'default': {},
                                                                                                                              'properties': {'tournament': {'additionalProperties': False,
                                                                                                                                                            'default': {},
                                                                                                                                                            'properties': {'envs': {'allOf': [{'additionalProperties': True,
                                                                                                                                                                                               'default': {},
                                                                                                                                                                                               'properties': {},
                                                                                                                                                                                               'type': 'object'},
                                                                                                                                                                                              {'patternProperties': {'^(.*)$': {'anyOf': [{'type': 'string'},
                                                                                                                                                                                                                                          {'type': 'number'}]}},
                                                                                                                                                                                               'type': 'object'}],
                                                                                                                                                                                    'default': {}},
                                                                                                                                                                           'image': {'type': 'string'},
                                                                                                                                                                           'imagePullPolicy': {'anyOf': [{'const': 'Always',
                                                                                                                                                                                                          'type': 'string'},
                                                                                                                                                                                                         {'const': 'IfNotPresent',
                                                                                                                                                                                                          'type': 'string'},
                                                                                                                                                                                                         {'const': 'Never',
                                                                                                                                                                                                          'type': 'string'}],
                                                                                                                                                                                               'default': 'IfNotPresent'},
                                                                                                                                                                           'kind': {'const': 'container',
                                                                                                                                                                                    'default': 'container',
                                                                                                                                                                                    'type': 'string'},
                                                                                                                                                                           'liveness': {'additionalProperties': False,
                                                                                                                                                                                        'default': {},
                                                                                                                                                                                        'properties': {'failureThreshold': {'default': 3,
                                                                                                                                                                                                                            'minimum': 1,
                                                                                                                                                                                                                            'type': 'number'},
                                                                                                                                                                                                       'initialDelaySeconds': {'default': 0,
                                                                                                                                                                                                                               'minimum': 0,
                                                                                                                                                                                                                               'type': 'number'},
                                                                                                                                                                                                       'periodSeconds': {'default': 10,
                                                                                                                                                                                                                         'minimum': 1,
                                                                                                                                                                                                                         'type': 'number'},
                                                                                                                                                                                                       'probe': {'anyOf': [{'additionalProperties': False,
                                                                                                                                                                                                                            'default': {},
                                                                                                                                                                                                                            'properties': {'command': {'items': {'type': 'string'},
                                                                                                                                                                                                                                                       'type': 'array'},
                                                                                                                                                                                                                                           'kind': {'const': 'command',
                                                                                                                                                                                                                                                    'default': 'command',
                                                                                                                                                                                                                                                    'type': 'string'},
                                                                                                                                                                                                                                           'mergeAction': {'const': 'overwrite',
                                                                                                                                                                                                                                                           'default': 'overwrite',
                                                                                                                                                                                                                                                           'type': 'string'}},
                                                                                                                                                                                                                            'required': ['kind',
                                                                                                                                                                                                                                         'command',
                                                                                                                                                                                                                                         'mergeAction'],
                                                                                                                                                                                                                            'type': 'object'},
                                                                                                                                                                                                                           {'additionalProperties': False,
                                                                                                                                                                                                                            'default': {},
                                                                                                                                                                                                                            'properties': {'httpPath': {'type': 'string'},
                                                                                                                                                                                                                                           'kind': {'const': 'http',
                                                                                                                                                                                                                                                    'default': 'http',
                                                                                                                                                                                                                                                    'type': 'string'},
                                                                                                                                                                                                                                           'mergeAction': {'const': 'overwrite',
                                                                                                                                                                                                                                                           'default': 'overwrite',
                                                                                                                                                                                                                                                           'type': 'string'},
                                                                                                                                                                                                                                           'port': {'maximum': 65535,
                                                                                                                                                                                                                                                    'minimum': 1,
                                                                                                                                                                                                                                                    'type': 'number'}},
                                                                                                                                                                                                                            'required': ['kind',
                                                                                                                                                                                                                                         'httpPath',
                                                                                                                                                                                                                                         'port',
                                                                                                                                                                                                                                         'mergeAction'],
                                                                                                                                                                                                                            'type': 'object'},
                                                                                                                                                                                                                           {'additionalProperties': False,
                                                                                                                                                                                                                            'default': {},
                                                                                                                                                                                                                            'properties': {'host': {'type': 'string'},
                                                                                                                                                                                                                                           'httpPath': {'type': 'string'},
                                                                                                                                                                                                                                           'kind': {'const': 'httpWithHost',
                                                                                                                                                                                                                                                    'default': 'httpWithHost',
                                                                                                                                                                                                                                                    'type': 'string'},
                                                                                                                                                                                                                                           'mergeAction': {'const': 'overwrite',
                                                                                                                                                                                                                                                           'default': 'overwrite',
                                                                                                                                                                                                                                                           'type': 'string'},
                                                                                                                                                                                                                                           'port': {'maximum': 65535,
                                                                                                                                                                                                                                                    'minimum': 1,
                                                                                                                                                                                                                                                    'type': 'number'}},
                                                                                                                                                                                                                            'required': ['kind',
                                                                                                                                                                                                                                         'httpPath',
                                                                                                                                                                                                                                         'port',
                                                                                                                                                                                                                                         'host',
                                                                                                                                                                                                                                         'mergeAction'],
                                                                                                                                                                                                                            'type': 'object'},
                                                                                                                                                                                                                           {'additionalProperties': False,
                                                                                                                                                                                                                            'default': {},
                                                                                                                                                                                                                            'properties': {'kind': {'const': 'tcp',
                                                                                                                                                                                                                                                    'default': 'tcp',
                                                                                                                                                                                                                                                    'type': 'string'},
                                                                                                                                                                                                                                           'mergeAction': {'const': 'overwrite',
                                                                                                                                                                                                                                                           'default': 'overwrite',
                                                                                                                                                                                                                                                           'type': 'string'},
                                                                                                                                                                                                                                           'port': {'maximum': 65535,
                                                                                                                                                                                                                                                    'minimum': 1,
                                                                                                                                                                                                                                                    'type': 'number'}},
                                                                                                                                                                                                                            'required': ['kind',
                                                                                                                                                                                                                                         'port',
                                                                                                                                                                                                                                         'mergeAction'],
                                                                                                                                                                                                                            'type': 'object'}],
                                                                                                                                                                                                                 'default': {'mergeAction': 'overwrite'},
                                                                                                                                                                                                                 'discriminator': 'kind'},
                                                                                                                                                                                                       'successThreshold': {'default': 1,
                                                                                                                                                                                                                            'minimum': 1,
                                                                                                                                                                                                                            'type': 'number'},
                                                                                                                                                                                                       'timeoutSeconds': {'default': 1,
                                                                                                                                                                                                                          'minimum': 1,
                                                                                                                                                                                                                          'type': 'number'}},
                                                                                                                                                                                        'required': ['initialDelaySeconds',
                                                                                                                                                                                                     'periodSeconds',
                                                                                                                                                                                                     'timeoutSeconds',
                                                                                                                                                                                                     'successThreshold',
                                                                                                                                                                                                     'failureThreshold',
                                                                                                                                                                                                     'probe'],
                                                                                                                                                                                        'type': 'object'},
                                                                                                                                                                           'ports': {'additionalProperties': False,
                                                                                                                                                                                     'default': {},
                                                                                                                                                                                     'properties': {'grpc': {'additionalProperties': False,
                                                                                                                                                                                                             'default': {},
                                                                                                                                                                                                             'properties': {'name': {'maxLength': 15,
                                                                                                                                                                                                                                     'pattern': '^[a-z0-9]([-a-z0-9]*[a-z0-9])?$',
                                                                                                                                                                                                                                     'type': 'string'},
                                                                                                                                                                                                                            'port': {'maximum': 65535,
                                                                                                                                                                                                                                     'minimum': 1,
                                                                                                                                                                                                                                     'type': 'number'},
                                                                                                                                                                                                                            'protocol': {'anyOf': [{'const': 'TCP',
                                                                                                                                                                                                                                                    'type': 'string'},
                                                                                                                                                                                                                                                   {'const': 'UDP',
                                                                                                                                                                                                                                                    'type': 'string'}],
                                                                                                                                                                                                                                         'default': 'TCP'}},
                                                                                                                                                                                                             'required': ['name',
                                                                                                                                                                                                                          'port',
                                                                                                                                                                                                                          'protocol'],
                                                                                                                                                                                                             'type': 'object'}},
                                                                                                                                                                                     'required': ['grpc'],
                                                                                                                                                                                     'type': 'object'},
                                                                                                                                                                           'readiness': {'additionalProperties': False,
                                                                                                                                                                                         'default': {},
                                                                                                                                                                                         'properties': {'failureThreshold': {'default': 3,
                                                                                                                                                                                                                             'minimum': 1,
                                                                                                                                                                                                                             'type': 'number'},
                                                                                                                                                                                                        'initialDelaySeconds': {'default': 0,
                                                                                                                                                                                                                                'minimum': 0,
                                                                                                                                                                                                                                'type': 'number'},
                                                                                                                                                                                                        'periodSeconds': {'default': 10,
                                                                                                                                                                                                                          'minimum': 1,
                                                                                                                                                                                                                          'type': 'number'},
                                                                                                                                                                                                        'probe': {'anyOf': [{'additionalProperties': False,
                                                                                                                                                                                                                             'default': {},
                                                                                                                                                                                                                             'properties': {'command': {'items': {'type': 'string'},
                                                                                                                                                                                                                                                        'type': 'array'},
                                                                                                                                                                                                                                            'kind': {'const': 'command',
                                                                                                                                                                                                                                                     'default': 'command',
                                                                                                                                                                                                                                                     'type': 'string'},
                                                                                                                                                                                                                                            'mergeAction': {'const': 'overwrite',
                                                                                                                                                                                                                                                            'default': 'overwrite',
                                                                                                                                                                                                                                                            'type': 'string'}},
                                                                                                                                                                                                                             'required': ['kind',
                                                                                                                                                                                                                                          'command',
                                                                                                                                                                                                                                          'mergeAction'],
                                                                                                                                                                                                                             'type': 'object'},
                                                                                                                                                                                                                            {'additionalProperties': False,
                                                                                                                                                                                                                             'default': {},
                                                                                                                                                                                                                             'properties': {'httpPath': {'type': 'string'},
                                                                                                                                                                                                                                            'kind': {'const': 'http',
                                                                                                                                                                                                                                                     'default': 'http',
                                                                                                                                                                                                                                                     'type': 'string'},
                                                                                                                                                                                                                                            'mergeAction': {'const': 'overwrite',
                                                                                                                                                                                                                                                            'default': 'overwrite',
                                                                                                                                                                                                                                                            'type': 'string'},
                                                                                                                                                                                                                                            'port': {'maximum': 65535,
                                                                                                                                                                                                                                                     'minimum': 1,
                                                                                                                                                                                                                                                     'type': 'number'}},
                                                                                                                                                                                                                             'required': ['kind',
                                                                                                                                                                                                                                          'httpPath',
                                                                                                                                                                                                                                          'port',
                                                                                                                                                                                                                                          'mergeAction'],
                                                                                                                                                                                                                             'type': 'object'},
                                                                                                                                                                                                                            {'additionalProperties': False,
                                                                                                                                                                                                                             'default': {},
                                                                                                                                                                                                                             'properties': {'host': {'type': 'string'},
                                                                                                                                                                                                                                            'httpPath': {'type': 'string'},
                                                                                                                                                                                                                                            'kind': {'const': 'httpWithHost',
                                                                                                                                                                                                                                                     'default': 'httpWithHost',
                                                                                                                                                                                                                                                     'type': 'string'},
                                                                                                                                                                                                                                            'mergeAction': {'const': 'overwrite',
                                                                                                                                                                                                                                                            'default': 'overwrite',
                                                                                                                                                                                                                                                            'type': 'string'},
                                                                                                                                                                                                                                            'port': {'maximum': 65535,
                                                                                                                                                                                                                                                     'minimum': 1,
                                                                                                                                                                                                                                                     'type': 'number'}},
                                                                                                                                                                                                                             'required': ['kind',
                                                                                                                                                                                                                                          'httpPath',
                                                                                                                                                                                                                                          'port',
                                                                                                                                                                                                                                          'host',
                                                                                                                                                                                                                                          'mergeAction'],
                                                                                                                                                                                                                             'type': 'object'},
                                                                                                                                                                                                                            {'additionalProperties': False,
                                                                                                                                                                                                                             'default': {},
                                                                                                                                                                                                                             'properties': {'kind': {'const': 'tcp',
                                                                                                                                                                                                                                                     'default': 'tcp',
                                                                                                                                                                                                                                                     'type': 'string'},
                                                                                                                                                                                                                                            'mergeAction': {'const': 'overwrite',
                                                                                                                                                                                                                                                            'default': 'overwrite',
                                                                                                                                                                                                                                                            'type': 'string'},
                                                                                                                                                                                                                                            'port': {'maximum': 65535,
                                                                                                                                                                                                                                                     'minimum': 1,
                                                                                                                                                                                                                                                     'type': 'number'}},
                                                                                                                                                                                                                             'required': ['kind',
                                                                                                                                                                                                                                          'port',
                                                                                                                                                                                                                                          'mergeAction'],
                                                                                                                                                                                                                             'type': 'object'}],
                                                                                                                                                                                                                  'default': {'mergeAction': 'overwrite'},
                                                                                                                                                                                                                  'discriminator': 'kind'},
                                                                                                                                                                                                        'successThreshold': {'default': 1,
                                                                                                                                                                                                                             'minimum': 1,
                                                                                                                                                                                                                             'type': 'number'},
                                                                                                                                                                                                        'timeoutSeconds': {'default': 1,
                                                                                                                                                                                                                           'minimum': 1,
                                                                                                                                                                                                                           'type': 'number'}},
                                                                                                                                                                                         'required': ['initialDelaySeconds',
                                                                                                                                                                                                      'periodSeconds',
                                                                                                                                                                                                      'timeoutSeconds',
                                                                                                                                                                                                      'successThreshold',
                                                                                                                                                                                                      'failureThreshold',
                                                                                                                                                                                                      'probe'],
                                                                                                                                                                                         'type': 'object'},
                                                                                                                                                                           'resources': {'additionalProperties': False,
                                                                                                                                                                                         'default': {},
                                                                                                                                                                                         'properties': {'cpu': {'additionalProperties': False,
                                                                                                                                                                                                                'default': {},
                                                                                                                                                                                                                'properties': {'limitMilliCPU': {'default': 200,
                                                                                                                                                                                                                                                 'minimum': 50,
                                                                                                                                                                                                                                                 'type': 'number'},
                                                                                                                                                                                                                               'requestMilliCPU': {'default': 200,
                                                                                                                                                                                                                                                   'minimum': 50,
                                                                                                                                                                                                                                                   'type': 'number'}},
                                                                                                                                                                                                                'required': ['limitMilliCPU',
                                                                                                                                                                                                                             'requestMilliCPU'],
                                                                                                                                                                                                                'type': 'object'},
                                                                                                                                                                                                        'memory': {'additionalProperties': False,
                                                                                                                                                                                                                   'default': {},
                                                                                                                                                                                                                   'properties': {'limitMiB': {'default': 200,
                                                                                                                                                                                                                                               'minimum': 32,
                                                                                                                                                                                                                                               'type': 'number'},
                                                                                                                                                                                                                                  'requestMiB': {'default': 200,
                                                                                                                                                                                                                                                 'minimum': 32,
                                                                                                                                                                                                                                                 'type': 'number'}},
                                                                                                                                                                                                                   'required': ['limitMiB',
                                                                                                                                                                                                                                'requestMiB'],
                                                                                                                                                                                                                   'type': 'object'}},
                                                                                                                                                                                         'required': ['cpu',
                                                                                                                                                                                                      'memory'],
                                                                                                                                                                                         'type': 'object'},
                                                                                                                                                                           'secretEnvs': {'allOf': [{'additionalProperties': True,
                                                                                                                                                                                                     'default': {},
                                                                                                                                                                                                     'properties': {},
                                                                                                                                                                                                     'type': 'object'},
                                                                                                                                                                                                    {'patternProperties': {'^(.*)$': {'additionalProperties': False,
                                                                                                                                                                                                                                      'default': {},
                                                                                                                                                                                                                                      'properties': {'key': {'type': 'string'},
                                                                                                                                                                                                                                                     'secretName': {'type': 'string'}},
                                                                                                                                                                                                                                      'required': ['key',
                                                                                                                                                                                                                                                   'secretName'],
                                                                                                                                                                                                                                      'type': 'object'}},
                                                                                                                                                                                                     'type': 'object'}],
                                                                                                                                                                                          'default': {}},
                                                                                                                                                                           'startup': {'additionalProperties': False,
                                                                                                                                                                                       'default': {},
                                                                                                                                                                                       'properties': {'failureThreshold': {'default': 3,
                                                                                                                                                                                                                           'minimum': 1,
                                                                                                                                                                                                                           'type': 'number'},
                                                                                                                                                                                                      'initialDelaySeconds': {'default': 0,
                                                                                                                                                                                                                              'minimum': 0,
                                                                                                                                                                                                                              'type': 'number'},
                                                                                                                                                                                                      'periodSeconds': {'default': 10,
                                                                                                                                                                                                                        'minimum': 1,
                                                                                                                                                                                                                        'type': 'number'},
                                                                                                                                                                                                      'probe': {'anyOf': [{'additionalProperties': False,
                                                                                                                                                                                                                           'default': {},
                                                                                                                                                                                                                           'properties': {'command': {'items': {'type': 'string'},
                                                                                                                                                                                                                                                      'type': 'array'},
                                                                                                                                                                                                                                          'kind': {'const': 'command',
                                                                                                                                                                                                                                                   'default': 'command',
                                                                                                                                                                                                                                                   'type': 'string'},
                                                                                                                                                                                                                                          'mergeAction': {'const': 'overwrite',
                                                                                                                                                                                                                                                          'default': 'overwrite',
                                                                                                                                                                                                                                                          'type': 'string'}},
                                                                                                                                                                                                                           'required': ['kind',
                                                                                                                                                                                                                                        'command',
                                                                                                                                                                                                                                        'mergeAction'],
                                                                                                                                                                                                                           'type': 'object'},
                                                                                                                                                                                                                          {'additionalProperties': False,
                                                                                                                                                                                                                           'default': {},
                                                                                                                                                                                                                           'properties': {'httpPath': {'type': 'string'},
                                                                                                                                                                                                                                          'kind': {'const': 'http',
                                                                                                                                                                                                                                                   'default': 'http',
                                                                                                                                                                                                                                                   'type': 'string'},
                                                                                                                                                                                                                                          'mergeAction': {'const': 'overwrite',
                                                                                                                                                                                                                                                          'default': 'overwrite',
                                                                                                                                                                                                                                                          'type': 'string'},
                                                                                                                                                                                                                                          'port': {'maximum': 65535,
                                                                                                                                                                                                                                                   'minimum': 1,
                                                                                                                                                                                                                                                   'type': 'number'}},
                                                                                                                                                                                                                           'required': ['kind',
                                                                                                                                                                                                                                        'httpPath',
                                                                                                                                                                                                                                        'port',
                                                                                                                                                                                                                                        'mergeAction'],
                                                                                                                                                                                                                           'type': 'object'},
                                                                                                                                                                                                                          {'additionalProperties': False,
                                                                                                                                                                                                                           'default': {},
                                                                                                                                                                                                                           'properties': {'host': {'type': 'string'},
                                                                                                                                                                                                                                          'httpPath': {'type': 'string'},
                                                                                                                                                                                                                                          'kind': {'const': 'httpWithHost',
                                                                                                                                                                                                                                                   'default': 'httpWithHost',
                                                                                                                                                                                                                                                   'type': 'string'},
                                                                                                                                                                                                                                          'mergeAction': {'const': 'overwrite',
                                                                                                                                                                                                                                                          'default': 'overwrite',
                                                                                                                                                                                                                                                          'type': 'string'},
                                                                                                                                                                                                                                          'port': {'maximum': 65535,
                                                                                                                                                                                                                                                   'minimum': 1,
                                                                                                                                                                                                                                                   'type': 'number'}},
                                                                                                                                                                                                                           'required': ['kind',
                                                                                                                                                                                                                                        'httpPath',
                                                                                                                                                                                                                                        'port',
                                                                                                                                                                                                                                        'host',
                                                                                                                                                                                                                                        'mergeAction'],
                                                                                                                                                                                                                           'type': 'object'},
                                                                                                                                                                                                                          {'additionalProperties': False,
                                                                                                                                                                                                                           'default': {},
                                                                                                                                                                                                                           'properties': {'kind': {'const': 'tcp',
                                                                                                                                                                                                                                                   'default': 'tcp',
                                                                                                                                                                                                                                                   'type': 'string'},
                                                                                                                                                                                                                                          'mergeAction': {'const': 'overwrite',
                                                                                                                                                                                                                                                          'default': 'overwrite',
                                                                                                                                                                                                                                                          'type': 'string'},
                                                                                                                                                                                                                                          'port': {'maximum': 65535,
                                                                                                                                                                                                                                                   'minimum': 1,
                                                                                                                                                                                                                                                   'type': 'number'}},
                                                                                                                                                                                                                           'required': ['kind',
                                                                                                                                                                                                                                        'port',
                                                                                                                                                                                                                                        'mergeAction'],
                                                                                                                                                                                                                           'type': 'object'}],
                                                                                                                                                                                                                'default': {'mergeAction': 'overwrite'},
                                                                                                                                                                                                                'discriminator': 'kind'},
                                                                                                                                                                                                      'successThreshold': {'default': 1,
                                                                                                                                                                                                                           'minimum': 1,
                                                                                                                                                                                                                           'type': 'number'},
                                                                                                                                                                                                      'timeoutSeconds': {'default': 1,
                                                                                                                                                                                                                         'minimum': 1,
                                                                                                                                                                                                                         'type': 'number'}},
                                                                                                                                                                                       'required': ['initialDelaySeconds',
                                                                                                                                                                                                    'periodSeconds',
                                                                                                                                                                                                    'timeoutSeconds',
                                                                                                                                                                                                    'successThreshold',
                                                                                                                                                                                                    'failureThreshold',
                                                                                                                                                                                                    'probe'],
                                                                                                                                                                                       'type': 'object'}},
                                                                                                                                                            'required': ['kind',
                                                                                                                                                                         'image',
                                                                                                                                                                         'imagePullPolicy',
                                                                                                                                                                         'resources',
                                                                                                                                                                         'readiness',
                                                                                                                                                                         'liveness',
                                                                                                                                                                         'startup',
                                                                                                                                                                         'ports',
                                                                                                                                                                         'envs',
                                                                                                                                                                         'secretEnvs'],
                                                                                                                                                            'type': 'object'}},
                                                                                                                              'required': ['tournament'],
                                                                                                                              'type': 'object'},
                                                                                                               'initContainers': {'additionalProperties': False,
                                                                                                                                  'default': {},
                                                                                                                                  'properties': {},
                                                                                                                                  'type': 'object'},
                                                                                                               'injectors': {'additionalProperties': False,
                                                                                                                             'default': {},
                                                                                                                             'properties': {},
                                                                                                                             'type': 'object'},
                                                                                                               'kind': {'const': 'statefulset',
                                                                                                                        'default': 'statefulset',
                                                                                                                        'type': 'string'},
                                                                                                               'metadata': {'additionalProperties': False,
                                                                                                                            'default': {},
                                                                                                                            'properties': {'labels': {'default': {},
                                                                                                                                                      'patternProperties': {'^(.*)$': {'type': 'string'}},
                                                                                                                                                      'type': 'object'}},
                                                                                                                            'required': ['labels'],
                                                                                                                            'type': 'object'},
                                                                                                               'monitorings': {'additionalProperties': False,
                                                                                                                               'default': {},
                                                                                                                               'properties': {'log': {'additionalProperties': False,
                                                                                                                                                      'default': {},
                                                                                                                                                      'properties': {'enabled': {'default': True,
                                                                                                                                                                                 'type': 'boolean'},
                                                                                                                                                                     'multiLineParser': {'anyOf': [{'const': '',
                                                                                                                                                                                                    'type': 'string'},
                                                                                                                                                                                                   {'const': 'peak_multiline_java',
                                                                                                                                                                                                    'type': 'string'}],
                                                                                                                                                                                         'default': ''}},
                                                                                                                                                      'required': ['enabled',
                                                                                                                                                                   'multiLineParser'],
                                                                                                                                                      'type': 'object'}},
                                                                                                                               'required': ['log'],
                                                                                                                               'type': 'object'},
                                                                                                               'nativeSidecarContainers': {'additionalProperties': False,
                                                                                                                                           'default': {},
                                                                                                                                           'properties': {},
                                                                                                                                           'type': 'object'},
                                                                                                               'permissions': {'additionalProperties': False,
                                                                                                                               'default': {},
                                                                                                                               'properties': {'serviceAccount': {'additionalProperties': False,
                                                                                                                                                                 'default': {},
                                                                                                                                                                 'properties': {'iamRole': {'type': 'string'}},
                                                                                                                                                                 'required': ['iamRole'],
                                                                                                                                                                 'type': 'object'}},
                                                                                                                               'required': ['serviceAccount'],
                                                                                                                               'type': 'object'},
                                                                                                               'podManagementPolicy': {'anyOf': [{'const': 'OrderedReady',
                                                                                                                                                  'type': 'string'},
                                                                                                                                                 {'const': 'Parallel',
                                                                                                                                                  'type': 'string'}],
                                                                                                                                       'default': 'OrderedReady'},
                                                                                                               'readinessGate': {'anyOf': [{'additionalProperties': False,
                                                                                                                                            'default': {},
                                                                                                                                            'properties': {'enabled': {'const': False,
                                                                                                                                                                       'default': False,
                                                                                                                                                                       'type': 'boolean'}},
                                                                                                                                            'required': ['enabled'],
                                                                                                                                            'type': 'object'},
                                                                                                                                           {'additionalProperties': False,
                                                                                                                                            'default': {},
                                                                                                                                            'properties': {'enabled': {'const': True,
                                                                                                                                                                       'default': True,
                                                                                                                                                                       'type': 'boolean'},
                                                                                                                                                           'sleepSeconds': {'type': 'number'}},
                                                                                                                                            'required': ['enabled',
                                                                                                                                                         'sleepSeconds'],
                                                                                                                                            'type': 'object'}],
                                                                                                                                 'discriminator': 'enabled'},
                                                                                                               'replicas': {'default': 2,
                                                                                                                            'maximum': 999,
                                                                                                                            'minimum': 0,
                                                                                                                            'type': 'number'},
                                                                                                               'scheduling': {'additionalProperties': False,
                                                                                                                              'default': {},
                                                                                                                              'properties': {'podDisruptionBudget': {'additionalProperties': False,
                                                                                                                                                                     'default': {},
                                                                                                                                                                     'properties': {'maxUnavailable': {'anyOf': [{'type': 'number'},
                                                                                                                                                                                                                 {'type': 'string'},
                                                                                                                                                                                                                 {'type': 'null'}],
                                                                                                                                                                                                       'default': None},
                                                                                                                                                                                    'minAvailable': {'anyOf': [{'default': 1,
                                                                                                                                                                                                                'minimum': 0,
                                                                                                                                                                                                                'type': 'number'},
                                                                                                                                                                                                               {'type': 'string'}]}},
                                                                                                                                                                     'required': ['minAvailable',
                                                                                                                                                                                  'maxUnavailable'],
                                                                                                                                                                     'type': 'object'}},
                                                                                                                              'required': ['podDisruptionBudget'],
                                                                                                                              'type': 'object'},
                                                                                                               'secrets': {'additionalProperties': False,
                                                                                                                           'default': {},
                                                                                                                           'properties': {},
                                                                                                                           'type': 'object'},
                                                                                                               'storages': {'additionalProperties': False,
                                                                                                                            'default': {},
                                                                                                                            'properties': {'data': {'additionalProperties': False,
                                                                                                                                                    'default': {},
                                                                                                                                                    'properties': {'accessModes': {'default': ['ReadWriteOnce'],
                                                                                                                                                                                   'items': {'anyOf': [{'const': 'ReadWriteOnce',
                                                                                                                                                                                                        'type': 'string'},
                                                                                                                                                                                                       {'const': 'ReadOnlyMany',
                                                                                                                                                                                                        'type': 'string'},
                                                                                                                                                                                                       {'const': 'ReadWriteMany',
                                                                                                                                                                                                        'type': 'string'},
                                                                                                                                                                                                       {'const': 'ReadWriteOncePod',
                                                                                                                                                                                                        'type': 'string'}],
                                                                                                                                                                                             'default': 'ReadWriteOnce'},
                                                                                                                                                                                   'type': 'array'},
                                                                                                                                                                   'storageClass': {'default': 'gp3',
                                                                                                                                                                                    'type': 'string'},
                                                                                                                                                                   'storageGibiBytes': {'default': 50,
                                                                                                                                                                                        'minimum': 10,
                                                                                                                                                                                        'type': 'number'}},
                                                                                                                                                    'required': ['accessModes',
                                                                                                                                                                 'storageGibiBytes',
                                                                                                                                                                 'storageClass'],
                                                                                                                                                    'type': 'object'}},
                                                                                                                            'required': ['data'],
                                                                                                                            'type': 'object'},
                                                                                                               'strategy': {'additionalProperties': False,
                                                                                                                            'default': {},
                                                                                                                            'properties': {'kind': {'const': 'rollingupdate',
                                                                                                                                                    'default': 'rollingupdate',
                                                                                                                                                    'type': 'string'},
                                                                                                                                           'mergeAction': {'const': 'overwrite',
                                                                                                                                                           'default': 'overwrite',
                                                                                                                                                           'type': 'string'},
                                                                                                                                           'rollingUpdate': {'additionalProperties': False,
                                                                                                                                                             'default': {'partition': 0},
                                                                                                                                                             'properties': {'partition': {'default': 0,
                                                                                                                                                                                          'minimum': 0,
                                                                                                                                                                                          'type': 'number'}},
                                                                                                                                                             'required': ['partition'],
                                                                                                                                                             'type': 'object'}},
                                                                                                                            'required': ['kind',
                                                                                                                                         'rollingUpdate',
                                                                                                                                         'mergeAction'],
                                                                                                                            'type': 'object'},
                                                                                                               'terminationGracePeriodSeconds': {'default': 30,
                                                                                                                                                 'maximum': 9999,
                                                                                                                                                 'minimum': 0,
                                                                                                                                                 'type': 'number'},
                                                                                                               'topologySpread': {'default': [{'matchLabelKeys': [],
                                                                                                                                               'maxSkew': 1,
                                                                                                                                               'minDomains': 1,
                                                                                                                                               'nodeAffinityPolicy': 'Honor',
                                                                                                                                               'nodeTaintsPolicy': 'Honor',
                                                                                                                                               'topologyKey': 'topology.kubernetes.io/zone',
                                                                                                                                               'whenUnsatisfiable': 'DoNotSchedule'}],
                                                                                                                                  'items': {'anyOf': [{'additionalProperties': False,
                                                                                                                                                       'default': {},
                                                                                                                                                       'properties': {'matchLabelKeys': {'default': [],
                                                                                                                                                                                         'items': {'type': 'string'},
                                                                                                                                                                                         'type': 'array'},
                                                                                                                                                                      'maxSkew': {'default': 1,
                                                                                                                                                                                  'minimum': 1,
                                                                                                                                                                                  'type': 'number'},
                                                                                                                                                                      'minDomains': {'default': 1,
                                                                                                                                                                                     'minimum': 0,
                                                                                                                                                                                     'type': 'number'},
                                                                                                                                                                      'nodeAffinityPolicy': {'anyOf': [{'const': 'Honor',
                                                                                                                                                                                                        'type': 'string'},
                                                                                                                                                                                                       {'const': 'Ignore',
                                                                                                                                                                                                        'type': 'string'}],
                                                                                                                                                                                             'default': 'Honor'},
                                                                                                                                                                      'nodeTaintsPolicy': {'anyOf': [{'const': 'Honor',
                                                                                                                                                                                                      'type': 'string'},
                                                                                                                                                                                                     {'const': 'Ignore',
                                                                                                                                                                                                      'type': 'string'}],
                                                                                                                                                                                           'default': 'Honor'},
                                                                                                                                                                      'topologyKey': {'anyOf': [{'const': 'kubernetes.io/hostname',
                                                                                                                                                                                                 'type': 'string'},
                                                                                                                                                                                                {'const': 'topology.kubernetes.io/zone',
                                                                                                                                                                                                 'type': 'string'},
                                                                                                                                                                                                {'const': 'topology.kubernetes.io/region',
                                                                                                                                                                                                 'type': 'string'}]},
                                                                                                                                                                      'whenUnsatisfiable': {'const': 'DoNotSchedule',
                                                                                                                                                                                            'default': 'DoNotSchedule',
                                                                                                                                                                                            'type': 'string'}},
                                                                                                                                                       'required': ['matchLabelKeys',
                                                                                                                                                                    'maxSkew',
                                                                                                                                                                    'minDomains',
                                                                                                                                                                    'nodeAffinityPolicy',
                                                                                                                                                                    'nodeTaintsPolicy',
                                                                                                                                                                    'topologyKey',
                                                                                                                                                                    'whenUnsatisfiable'],
                                                                                                                                                       'type': 'object'},
                                                                                                                                                      {'additionalProperties': False,
                                                                                                                                                       'default': {},
                                                                                                                                                       'properties': {'matchLabelKeys': {'default': [],
                                                                                                                                                                                         'items': {'type': 'string'},
                                                                                                                                                                                         'type': 'array'},
                                                                                                                                                                      'maxSkew': {'default': 1,
                                                                                                                                                                                  'minimum': 1,
                                                                                                                                                                                  'type': 'number'},
                                                                                                                                                                      'nodeAffinityPolicy': {'anyOf': [{'const': 'Honor',
                                                                                                                                                                                                        'type': 'string'},
                                                                                                                                                                                                       {'const': 'Ignore',
                                                                                                                                                                                                        'type': 'string'}],
                                                                                                                                                                                             'default': 'Honor'},
                                                                                                                                                                      'nodeTaintsPolicy': {'anyOf': [{'const': 'Honor',
                                                                                                                                                                                                      'type': 'string'},
                                                                                                                                                                                                     {'const': 'Ignore',
                                                                                                                                                                                                      'type': 'string'}],
                                                                                                                                                                                           'default': 'Honor'},
                                                                                                                                                                      'topologyKey': {'anyOf': [{'const': 'kubernetes.io/hostname',
                                                                                                                                                                                                 'type': 'string'},
                                                                                                                                                                                                {'const': 'topology.kubernetes.io/zone',
                                                                                                                                                                                                 'type': 'string'},
                                                                                                                                                                                                {'const': 'topology.kubernetes.io/region',
                                                                                                                                                                                                 'type': 'string'}]},
                                                                                                                                                                      'whenUnsatisfiable': {'const': 'ScheduleAnyway',
                                                                                                                                                                                            'default': 'ScheduleAnyway',
                                                                                                                                                                                            'type': 'string'}},
                                                                                                                                                       'required': ['matchLabelKeys',
                                                                                                                                                                    'maxSkew',
                                                                                                                                                                    'nodeAffinityPolicy',
                                                                                                                                                                    'nodeTaintsPolicy',
                                                                                                                                                                    'topologyKey',
                                                                                                                                                                    'whenUnsatisfiable'],
                                                                                                                                                       'type': 'object'}]},
                                                                                                                                  'type': 'array'}},
                                                                                                'required': ['kind',
                                                                                                             'metadata',
                                                                                                             'replicas',
                                                                                                             'automountServiceAccountToken',
                                                                                                             'terminationGracePeriodSeconds',
                                                                                                             'initContainers',
                                                                                                             'nativeSidecarContainers',
                                                                                                             'containers',
                                                                                                             'secrets',
                                                                                                             'strategy',
                                                                                                             'permissions',
                                                                                                             'storages',
                                                                                                             'injectors',
                                                                                                             'monitorings',
                                                                                                             'topologySpread',
                                                                                                             'scheduling',
                                                                                                             'readinessGate',
                                                                                                             'podManagementPolicy'],
                                                                                                'type': 'object'}},
                                                                  'required': ['tournament'],
                                                                  'type': 'object'}},
                                  'required': ['deployments',
                                               'statefulsets',
                                               'rollouts',
                                               'daemonsets',
                                               'cronjobs',
                                               'jobs'],
                                  'type': 'object'}},
     'required': ['namespace',
                  'serviceGroup',
                  'serviceEnv',
                  'workloads',
                  'ingresses',
                  'services',
                  'storages'],
     'type': 'object'}

On instance:
    {'ingresses': {'albs': {}, 'nginxes': {}},
     'namespace': 'bigdata',
     'serviceEnv': 'test',
     'serviceGroup': 'tournament',
     'services': {'natives': {},
                  'nlbs': {'tournament': {'accessLogs': {'enabled': False,
                                                         'mergeAction': 'overwrite'},
                                          'clientRoutingPolicy': 'any_availability_zone',
                                          'crossZoneLoadBalancing': True,
                                          'deletionProtection': True,
                                          'deregistrationConnectionTermination': False,
                                          'deregistrationDelay': 1,
                                          'healthcheck': {'healthyThreshold': 3,
                                                          'interval': 10,
                                                          'port': 'traffic-port',
                                                          'probe': {'kind': 'http',
                                                                    'mergeAction': 'overwrite',
                                                                    'path': '/ready',
                                                                    'protocol': 'HTTP',
                                                                    'successCodes': '200'},
                                                          'timeout': 10,
                                                          'unhealthyThreshold': 3},
                                          'ports': {'grpc': {'name': 'grpc',
                                                             'port': 4444,
                                                             'protocol': 'TCP',
                                                             'targetPort': 4444}},
                                          'preserveClientIP': False,
                                          'proxyProtocol': False,
                                          'schema': 'internal',
                                          'ssl': {'enabled': False,
                                                  'mergeAction': 'overwrite'},
                                          'tags': []}}},
     'storages': {'data': {'accessModes': ['ReadWriteOnce'],
                           'storageClass': 'gp3',
                           'storageGibiBytes': 50}},
     'workloads': {'cronjobs': {},
                   'daemonsets': {},
                   'deployments': {},
                   'jobs': {},
                   'rollouts': {},
                   'statefulsets': {'tournament': {'automountServiceAccountToken': True,
                                                   'containers': {'tournament': {'envs': {},
                                                                                 'image': 'tournament:3.2.2',
                                                                                 'imagePullPolicy': 'IfNotPresent',
                                                                                 'kind': 'container',
                                                                                 'liveness': {'failureThreshold': 3,
                                                                                              'initialDelaySeconds': 0,
                                                                                              'periodSeconds': 10,
                                                                                              'probe': {'httpPath': '/live',
                                                                                                        'kind': 'http',
                                                                                                        'mergeAction': 'overwrite',
                                                                                                        'port': 4444},
                                                                                              'successThreshold': 1,
                                                                                              'timeoutSeconds': 1},
                                                                                 'ports': {'grpc': {'name': 'grpc',
                                                                                                    'port': 4444,
                                                                                                    'protocol': 'TCP'}},
                                                                                 'readiness': {'failureThreshold': 3,
                                                                                               'initialDelaySeconds': 0,
                                                                                               'periodSeconds': 10,
                                                                                               'probe': {'httpPath': '/ready',
                                                                                                         'kind': 'http',
                                                                                                         'mergeAction': 'overwrite',
                                                                                                         'port': 4444},
                                                                                               'successThreshold': 1,
                                                                                               'timeoutSeconds': 1},
                                                                                 'resources': {'cpu': {'limitMilliCPU': 500000,
                                                                                                       'requestMilliCPU': 2000},
                                                                                               'memory': {'limitMiB': 2147483648,
                                                                                                          'requestMiB': 4096}},
                                                                                 'secretEnvs': {},
                                                                                 'startup': {'failureThreshold': 3,
                                                                                             'initialDelaySeconds': 0,
                                                                                             'periodSeconds': 10,
                                                                                             'probe': {'httpPath': '/start',
                                                                                                       'kind': 'http',
                                                                                                       'mergeAction': 'overwrite',
                                                                                                       'port': 4444},
                                                                                             'successThreshold': 1,
                                                                                             'timeoutSeconds': 1}}}}},
                   'initContainers': {},
                   'injectors': {}},
     'kind': 'statefulset',
     'metadata': {'labels': {}},
     'monitorings': {'log': {'enabled': True, 'multiLineParser': ''}},
     'nativeSidecarContainers': {},
     'permissions': {'serviceAccount': {'iamRole': 'arn:aws:iam::111111111111:role/kubernetes-test-tournament'}},
     'podManagementPolicy': 'OrderedReady',
     'readinessGate': {'enabled': False},
     'replicas': 2,
     'scheduling': {'podDisruptionBudget': {'maxUnavailable': None,
                                            'minAvailable': 1}},
     'secrets': {},
     'strategy': {'kind': 'rollingupdate',
                  'mergeAction': 'overwrite',
                  'rollingUpdate': {'partition': 0}},
     'terminationGracePeriodSeconds': 30,
     'topologySpread': [{'matchLabelKeys': [],
                         'maxSkew': 1,
                         'minDomains': 1,
                         'nodeAffinityPolicy': 'Honor',
                         'nodeTaintsPolicy': 'Honor',
                         'topologyKey': 'topology.kubernetes.io/zone',
                         'whenUnsatisfiable': 'DoNotSchedule'}]}
INFO:werkzeug:172.18.0.1 - - [05/Feb/2026 00:53:15] "[31m[1mPOST /message HTTP/1.1[0m" 422 -
 * Serving Flask app 'main'
 * Debug mode: off
INFO:werkzeug:[31m[1mWARNING: This is a development server. Do not use it in a production deployment. Use a production WSGI server instead.[0m
 * Running on all addresses (0.0.0.0)
 * Running on http://127.0.0.1:5003
 * Running on http://172.18.0.4:5003
INFO:werkzeug:[33mPress CTRL+C to quit[0m
INFO:__main__:ai identified app as: tournament
ERROR:__main__:schema validation failed: Additional properties are not allowed ('kind', 'metadata', 'monitorings', 'nativeSidecarContainers', 'permissions', 'podManagementPolicy', 'readinessGate', 'replicas', 'scheduling', 'secrets', 'strategy', 'terminationGracePeriodSeconds', 'topologySpread' were unexpected)

Failed validating 'additionalProperties' in schema:
    {'additionalProperties': False,
     'default': {},
     'properties': {'ingresses': {'additionalProperties': False,
                                  'default': {},
                                  'properties': {'albs': {'additionalProperties': False,
                                                          'default': {},
                                                          'properties': {},
                                                          'type': 'object'},
                                                 'nginxes': {'additionalProperties': False,
                                                             'default': {},
                                                             'properties': {},
                                                             'type': 'object'}},
                                  'required': ['nginxes', 'albs'],
                                  'type': 'object'},
                    'namespace': {'type': 'string'},
                    'serviceEnv': {'type': 'string'},
                    'serviceGroup': {'type': 'string'},
                    'services': {'additionalProperties': False,
                                 'default': {},
                                 'properties': {'natives': {'additionalProperties': False,
                                                            'default': {},
                                                            'properties': {},
                                                            'type': 'object'},
                                                'nlbs': {'additionalProperties': False,
                                                         'default': {},
                                                         'properties': {'tournament': {'additionalProperties': False,
                                                                                       'default': {},
                                                                                       'properties': {'accessLogs': {'anyOf': [{'additionalProperties': False,
                                                                                                                                'default': {},
                                                                                                                                'properties': {'enabled': {'const': False,
                                                                                                                                                           'default': False,
                                                                                                                                                           'type': 'boolean'},
                                                                                                                                               'mergeAction': {'const': 'overwrite',
                                                                                                                                                               'default': 'overwrite',
                                                                                                                                                               'type': 'string'}},
                                                                                                                                'required': ['enabled',
                                                                                                                                             'mergeAction'],
                                                                                                                                'type': 'object'},
                                                                                                                               {'additionalProperties': False,
                                                                                                                                'default': {},
                                                                                                                                'properties': {'bucket': {'type': 'string'},
                                                                                                                                               'enabled': {'const': True,
                                                                                                                                                           'default': True,
                                                                                                                                                           'type': 'boolean'},
                                                                                                                                               'mergeAction': {'const': 'overwrite',
                                                                                                                                                               'default': 'overwrite',
                                                                                                                                                               'type': 'string'},
                                                                                                                                               'prefix': {'type': 'string'}},
                                                                                                                                'required': ['enabled',
                                                                                                                                             'bucket',
                                                                                                                                             'prefix',
                                                                                                                                             'mergeAction'],
                                                                                                                                'type': 'object'}],
                                                                                                                     'default': {'mergeAction': 'overwrite'},
                                                                                                                     'discriminator': 'enabled'},
                                                                                                      'clientRoutingPolicy': {'anyOf': [{'const': 'any_availability_zone',
                                                                                                                                         'type': 'string'},
                                                                                                                                        {'const': 'availability_zone_affinity',
                                                                                                                                         'type': 'string'},
                                                                                                                                        {'const': 'partial_availability_zone_affinity',
                                                                                                                                         'type': 'string'}],
                                                                                                                              'default': 'any_availability_zone'},
                                                                                                      'crossZoneLoadBalancing': {'default': True,
                                                                                                                                 'type': 'boolean'},
                                                                                                      'deletionProtection': {'default': True,
                                                                                                                             'type': 'boolean'},
                                                                                                      'deregistrationConnectionTermination': {'default': False,
                                                                                                                                              'type': 'boolean'},
                                                                                                      'deregistrationDelay': {'default': 1,
                                                                                                                              'maximum': 600,
                                                                                                                              'minimum': 0,
                                                                                                                              'type': 'number'},
                                                                                                      'healthcheck': {'additionalProperties': False,
                                                                                                                      'default': {'healthyThreshold': 3,
                                                                                                                                  'interval': 10,
                                                                                                                                  'port': 'traffic-port',
                                                                                                                                  'timeout': 10,
                                                                                                                                  'unhealthyThreshold': 3},
                                                                                                                      'properties': {'healthyThreshold': {'default': 3,
                                                                                                                                                          'type': 'number'},
                                                                                                                                     'interval': {'default': 10,
                                                                                                                                                  'type': 'number'},
                                                                                                                                     'port': {'anyOf': [{'maximum': 65535,
                                                                                                                                                         'minimum': 1,
                                                                                                                                                         'type': 'number'},
                                                                                                                                                        {'const': 'traffic-port',
                                                                                                                                                         'type': 'string'}],
                                                                                                                                              'default': 'traffic-port'},
                                                                                                                                     'probe': {'anyOf': [{'additionalProperties': False,
                                                                                                                                                          'default': {},
                                                                                                                                                          'properties': {'kind': {'const': 'tcp',
                                                                                                                                                                                  'default': 'tcp',
                                                                                                                                                                                  'type': 'string'},
                                                                                                                                                                         'mergeAction': {'const': 'overwrite',
                                                                                                                                                                                         'default': 'overwrite',
                                                                                                                                                                                         'type': 'string'},
                                                                                                                                                                         'protocol': {'const': 'TCP',
                                                                                                                                                                                      'type': 'string'}},
                                                                                                                                                          'required': ['kind',
                                                                                                                                                                       'protocol',
                                                                                                                                                                       'mergeAction'],
                                                                                                                                                          'type': 'object'},
                                                                                                                                                         {'additionalProperties': False,
                                                                                                                                                          'default': {},
                                                                                                                                                          'properties': {'kind': {'const': 'http',
                                                                                                                                                                                  'default': 'http',
                                                                                                                                                                                  'type': 'string'},
                                                                                                                                                                         'mergeAction': {'const': 'overwrite',
                                                                                                                                                                                         'default': 'overwrite',
                                                                                                                                                                                         'type': 'string'},
                                                                                                                                                                         'path': {'type': 'string'},
                                                                                                                                                                         'protocol': {'anyOf': [{'const': 'HTTP',
                                                                                                                                                                                                 'type': 'string'},
                                                                                                                                                                                                {'const': 'HTTPS',
                                                                                                                                                                                                 'type': 'string'}]},
                                                                                                                                                                         'successCodes': {'type': 'string'}},
                                                                                                                                                          'required': ['kind',
                                                                                                                                                                       'path',
                                                                                                                                                                       'successCodes',
                                                                                                                                                                       'protocol',
                                                                                                                                                                       'mergeAction'],
                                                                                                                                                          'type': 'object'}],
                                                                                                                                               'default': {'mergeAction': 'overwrite'},
                                                                                                                                               'discriminator': 'kind'},
                                                                                                                                     'timeout': {'default': 10,
                                                                                                                                                 'type': 'number'},
                                                                                                                                     'unhealthyThreshold': {'default': 3,
                                                                                                                                                            'type': 'number'}},
                                                                                                                      'required': ['probe',
                                                                                                                                   'healthyThreshold',
                                                                                                                                   'unhealthyThreshold',
                                                                                                                                   'interval',
                                                                                                                                   'timeout',
                                                                                                                                   'port'],
                                                                                                                      'type': 'object'},
                                                                                                      'ports': {'additionalProperties': False,
                                                                                                                'default': {},
                                                                                                                'properties': {'grpc': {'additionalProperties': False,
                                                                                                                                        'default': {},
                                                                                                                                        'properties': {'name': {'type': 'string'},
                                                                                                                                                       'port': {'maximum': 65535,
                                                                                                                                                                'minimum': 1,
                                                                                                                                                                'type': 'number'},
                                                                                                                                                       'protocol': {'anyOf': [{'const': 'TCP',
                                                                                                                                                                               'type': 'string'},
                                                                                                                                                                              {'const': 'UDP',
                                                                                                                                                                               'type': 'string'}],
                                                                                                                                                                    'default': 'TCP'},
                                                                                                                                                       'targetPort': {'maximum': 65535,
                                                                                                                                                                      'minimum': 1,
                                                                                                                                                                      'type': 'number'}},
                                                                                                                                        'required': ['name',
                                                                                                                                                     'port',
                                                                                                                                                     'targetPort',
                                                                                                                                                     'protocol'],
                                                                                                                                        'type': 'object'}},
                                                                                                                'required': ['grpc'],
                                                                                                                'type': 'object'},
                                                                                                      'preserveClientIP': {'default': False,
                                                                                                                           'type': 'boolean'},
                                                                                                      'proxyProtocol': {'default': False,
                                                                                                                        'type': 'boolean'},
                                                                                                      'schema': {'anyOf': [{'const': 'internet-facing',
                                                                                                                            'type': 'string'},
                                                                                                                           {'const': 'internal',
                                                                                                                            'type': 'string'}],
                                                                                                                 'default': 'internal'},
                                                                                                      'ssl': {'anyOf': [{'additionalProperties': False,
                                                                                                                         'default': {},
                                                                                                                         'properties': {'enabled': {'const': False,
                                                                                                                                                    'default': False,
                                                                                                                                                    'type': 'boolean'},
                                                                                                                                        'mergeAction': {'const': 'overwrite',
                                                                                                                                                        'default': 'overwrite',
                                                                                                                                                        'type': 'string'}},
                                                                                                                         'required': ['enabled',
                                                                                                                                      'mergeAction'],
                                                                                                                         'type': 'object'},
                                                                                                                        {'additionalProperties': False,
                                                                                                                         'default': {},
                                                                                                                         'properties': {'certificate': {'type': 'string'},
                                                                                                                                        'enabled': {'const': True,
                                                                                                                                                    'default': True,
                                                                                                                                                    'type': 'boolean'},
                                                                                                                                        'mergeAction': {'const': 'overwrite',
                                                                                                                                                        'default': 'overwrite',
                                                                                                                                                        'type': 'string'},
                                                                                                                                        'ports': {'default': [443],
                                                                                                                                                  'items': {'maximum': 65535,
                                                                                                                                                            'minimum': 1,
                                                                                                                                                            'type': 'number'},
                                                                                                                                                  'type': 'array'}},
                                                                                                                         'required': ['enabled',
                                                                                                                                      'certificate',
                                                                                                                                      'ports',
                                                                                                                                      'mergeAction'],
                                                                                                                         'type': 'object'}],
                                                                                                              'default': {'mergeAction': 'overwrite'},
                                                                                                              'discriminator': 'enabled'},
                                                                                                      'tags': {'default': [],
                                                                                                               'items': {'additionalProperties': False,
                                                                                                                         'default': {},
                                                                                                                         'properties': {'key': {'type': 'string'},
                                                                                                                                        'value': {'type': 'string'}},
                                                                                                                         'required': ['key',
                                                                                                                                      'value'],
                                                                                                                         'type': 'object'},
                                                                                                               'type': 'array'}},
                                                                                       'required': ['accessLogs',
                                                                                                    'deletionProtection',
                                                                                                    'clientRoutingPolicy',
                                                                                                    'crossZoneLoadBalancing',
                                                                                                    'proxyProtocol',
                                                                                                    'ssl',
                                                                                                    'schema',
                                                                                                    'deregistrationDelay',
                                                                                                    'deregistrationConnectionTermination',
                                                                                                    'preserveClientIP',
                                                                                                    'healthcheck',
                                                                                                    'ports',
                                                                                                    'tags'],
                                                                                       'type': 'object'}},
                                                         'required': ['tournament'],
                                                         'type': 'object'}},
                                 'required': ['natives', 'nlbs'],
                                 'type': 'object'},
                    'storages': {'additionalProperties': False,
                                 'default': {},
                                 'properties': {},
                                 'type': 'object'},
                    'workloads': {'additionalProperties': False,
                                  'default': {},
                                  'properties': {'cronjobs': {'additionalProperties': False,
                                                              'default': {},
                                                              'properties': {},
                                                              'type': 'object'},
                                                 'daemonsets': {'additionalProperties': False,
                                                                'default': {},
                                                                'properties': {},
                                                                'type': 'object'},
                                                 'deployments': {'additionalProperties': False,
                                                                 'default': {},
                                                                 'properties': {},
                                                                 'type': 'object'},
                                                 'jobs': {'additionalProperties': False,
                                                          'default': {},
                                                          'properties': {},
                                                          'type': 'object'},
                                                 'rollouts': {'additionalProperties': False,
                                                              'default': {},
                                                              'properties': {},
                                                              'type': 'object'},
                                                 'statefulsets': {'additionalProperties': False,
                                                                  'default': {},
                                                                  'properties': {'tournament': {'additionalProperties': False,
                                                                                                'default': {},
                                                                                                'properties': {'automountServiceAccountToken': {'default': True,
                                                                                                                                                'type': 'boolean'},
                                                                                                               'containers': {'additionalProperties': False,
                                                                                                                              'default': {},
                                                                                                                              'properties': {'tournament': {'additionalProperties': False,
                                                                                                                                                            'default': {},
                                                                                                                                                            'properties': {'envs': {'allOf': [{'additionalProperties': True,
                                                                                                                                                                                               'default': {},
                                                                                                                                                                                               'properties': {},
                                                                                                                                                                                               'type': 'object'},
                                                                                                                                                                                              {'patternProperties': {'^(.*)$': {'anyOf': [{'type': 'string'},
                                                                                                                                                                                                                                          {'type': 'number'}]}},
                                                                                                                                                                                               'type': 'object'}],
                                                                                                                                                                                    'default': {}},
                                                                                                                                                                           'image': {'type': 'string'},
                                                                                                                                                                           'imagePullPolicy': {'anyOf': [{'const': 'Always',
                                                                                                                                                                                                          'type': 'string'},
                                                                                                                                                                                                         {'const': 'IfNotPresent',
                                                                                                                                                                                                          'type': 'string'},
                                                                                                                                                                                                         {'const': 'Never',
                                                                                                                                                                                                          'type': 'string'}],
                                                                                                                                                                                               'default': 'IfNotPresent'},
                                                                                                                                                                           'kind': {'const': 'container',
                                                                                                                                                                                    'default': 'container',
                                                                                                                                                                                    'type': 'string'},
                                                                                                                                                                           'liveness': {'additionalProperties': False,
                                                                                                                                                                                        'default': {},
                                                                                                                                                                                        'properties': {'failureThreshold': {'default': 3,
                                                                                                                                                                                                                            'minimum': 1,
                                                                                                                                                                                                                            'type': 'number'},
                                                                                                                                                                                                       'initialDelaySeconds': {'default': 0,
                                                                                                                                                                                                                               'minimum': 0,
                                                                                                                                                                                                                               'type': 'number'},
                                                                                                                                                                                                       'periodSeconds': {'default': 10,
                                                                                                                                                                                                                         'minimum': 1,
                                                                                                                                                                                                                         'type': 'number'},
                                                                                                                                                                                                       'probe': {'anyOf': [{'additionalProperties': False,
                                                                                                                                                                                                                            'default': {},
                                                                                                                                                                                                                            'properties': {'command': {'items': {'type': 'string'},
                                                                                                                                                                                                                                                       'type': 'array'},
                                                                                                                                                                                                                                           'kind': {'const': 'command',
                                                                                                                                                                                                                                                    'default': 'command',
                                                                                                                                                                                                                                                    'type': 'string'},
                                                                                                                                                                                                                                           'mergeAction': {'const': 'overwrite',
                                                                                                                                                                                                                                                           'default': 'overwrite',
                                                                                                                                                                                                                                                           'type': 'string'}},
                                                                                                                                                                                                                            'required': ['kind',
                                                                                                                                                                                                                                         'command',
                                                                                                                                                                                                                                         'mergeAction'],
                                                                                                                                                                                                                            'type': 'object'},
                                                                                                                                                                                                                           {'additionalProperties': False,
                                                                                                                                                                                                                            'default': {},
                                                                                                                                                                                                                            'properties': {'httpPath': {'type': 'string'},
                                                                                                                                                                                                                                           'kind': {'const': 'http',
                                                                                                                                                                                                                                                    'default': 'http',
                                                                                                                                                                                                                                                    'type': 'string'},
                                                                                                                                                                                                                                           'mergeAction': {'const': 'overwrite',
                                                                                                                                                                                                                                                           'default': 'overwrite',
                                                                                                                                                                                                                                                           'type': 'string'},
                                                                                                                                                                                                                                           'port': {'maximum': 65535,
                                                                                                                                                                                                                                                    'minimum': 1,
                                                                                                                                                                                                                                                    'type': 'number'}},
                                                                                                                                                                                                                            'required': ['kind',
                                                                                                                                                                                                                                         'httpPath',
                                                                                                                                                                                                                                         'port',
                                                                                                                                                                                                                                         'mergeAction'],
                                                                                                                                                                                                                            'type': 'object'},
                                                                                                                                                                                                                           {'additionalProperties': False,
                                                                                                                                                                                                                            'default': {},
                                                                                                                                                                                                                            'properties': {'host': {'type': 'string'},
                                                                                                                                                                                                                                           'httpPath': {'type': 'string'},
                                                                                                                                                                                                                                           'kind': {'const': 'httpWithHost',
                                                                                                                                                                                                                                                    'default': 'httpWithHost',
                                                                                                                                                                                                                                                    'type': 'string'},
                                                                                                                                                                                                                                           'mergeAction': {'const': 'overwrite',
                                                                                                                                                                                                                                                           'default': 'overwrite',
                                                                                                                                                                                                                                                           'type': 'string'},
                                                                                                                                                                                                                                           'port': {'maximum': 65535,
                                                                                                                                                                                                                                                    'minimum': 1,
                                                                                                                                                                                                                                                    'type': 'number'}},
                                                                                                                                                                                                                            'required': ['kind',
                                                                                                                                                                                                                                         'httpPath',
                                                                                                                                                                                                                                         'port',
                                                                                                                                                                                                                                         'host',
                                                                                                                                                                                                                                         'mergeAction'],
                                                                                                                                                                                                                            'type': 'object'},
                                                                                                                                                                                                                           {'additionalProperties': False,
                                                                                                                                                                                                                            'default': {},
                                                                                                                                                                                                                            'properties': {'kind': {'const': 'tcp',
                                                                                                                                                                                                                                                    'default': 'tcp',
                                                                                                                                                                                                                                                    'type': 'string'},
                                                                                                                                                                                                                                           'mergeAction': {'const': 'overwrite',
                                                                                                                                                                                                                                                           'default': 'overwrite',
                                                                                                                                                                                                                                                           'type': 'string'},
                                                                                                                                                                                                                                           'port': {'maximum': 65535,
                                                                                                                                                                                                                                                    'minimum': 1,
                                                                                                                                                                                                                                                    'type': 'number'}},
                                                                                                                                                                                                                            'required': ['kind',
                                                                                                                                                                                                                                         'port',
                                                                                                                                                                                                                                         'mergeAction'],
                                                                                                                                                                                                                            'type': 'object'}],
                                                                                                                                                                                                                 'default': {'mergeAction': 'overwrite'},
                                                                                                                                                                                                                 'discriminator': 'kind'},
                                                                                                                                                                                                       'successThreshold': {'default': 1,
                                                                                                                                                                                                                            'minimum': 1,
                                                                                                                                                                                                                            'type': 'number'},
                                                                                                                                                                                                       'timeoutSeconds': {'default': 1,
                                                                                                                                                                                                                          'minimum': 1,
                                                                                                                                                                                                                          'type': 'number'}},
                                                                                                                                                                                        'required': ['initialDelaySeconds',
                                                                                                                                                                                                     'periodSeconds',
                                                                                                                                                                                                     'timeoutSeconds',
                                                                                                                                                                                                     'successThreshold',
                                                                                                                                                                                                     'failureThreshold',
                                                                                                                                                                                                     'probe'],
                                                                                                                                                                                        'type': 'object'},
                                                                                                                                                                           'ports': {'additionalProperties': False,
                                                                                                                                                                                     'default': {},
                                                                                                                                                                                     'properties': {'grpc': {'additionalProperties': False,
                                                                                                                                                                                                             'default': {},
                                                                                                                                                                                                             'properties': {'name': {'maxLength': 15,
                                                                                                                                                                                                                                     'pattern': '^[a-z0-9]([-a-z0-9]*[a-z0-9])?$',
                                                                                                                                                                                                                                     'type': 'string'},
                                                                                                                                                                                                                            'port': {'maximum': 65535,
                                                                                                                                                                                                                                     'minimum': 1,
                                                                                                                                                                                                                                     'type': 'number'},
                                                                                                                                                                                                                            'protocol': {'anyOf': [{'const': 'TCP',
                                                                                                                                                                                                                                                    'type': 'string'},
                                                                                                                                                                                                                                                   {'const': 'UDP',
                                                                                                                                                                                                                                                    'type': 'string'}],
                                                                                                                                                                                                                                         'default': 'TCP'}},
                                                                                                                                                                                                             'required': ['name',
                                                                                                                                                                                                                          'port',
                                                                                                                                                                                                                          'protocol'],
                                                                                                                                                                                                             'type': 'object'}},
                                                                                                                                                                                     'required': ['grpc'],
                                                                                                                                                                                     'type': 'object'},
                                                                                                                                                                           'readiness': {'additionalProperties': False,
                                                                                                                                                                                         'default': {},
                                                                                                                                                                                         'properties': {'failureThreshold': {'default': 3,
                                                                                                                                                                                                                             'minimum': 1,
                                                                                                                                                                                                                             'type': 'number'},
                                                                                                                                                                                                        'initialDelaySeconds': {'default': 0,
                                                                                                                                                                                                                                'minimum': 0,
                                                                                                                                                                                                                                'type': 'number'},
                                                                                                                                                                                                        'periodSeconds': {'default': 10,
                                                                                                                                                                                                                          'minimum': 1,
                                                                                                                                                                                                                          'type': 'number'},
                                                                                                                                                                                                        'probe': {'anyOf': [{'additionalProperties': False,
                                                                                                                                                                                                                             'default': {},
                                                                                                                                                                                                                             'properties': {'command': {'items': {'type': 'string'},
                                                                                                                                                                                                                                                        'type': 'array'},
                                                                                                                                                                                                                                            'kind': {'const': 'command',
                                                                                                                                                                                                                                                     'default': 'command',
                                                                                                                                                                                                                                                     'type': 'string'},
                                                                                                                                                                                                                                            'mergeAction': {'const': 'overwrite',
                                                                                                                                                                                                                                                            'default': 'overwrite',
                                                                                                                                                                                                                                                            'type': 'string'}},
                                                                                                                                                                                                                             'required': ['kind',
                                                                                                                                                                                                                                          'command',
                                                                                                                                                                                                                                          'mergeAction'],
                                                                                                                                                                                                                             'type': 'object'},
                                                                                                                                                                                                                            {'additionalProperties': False,
                                                                                                                                                                                                                             'default': {},
                                                                                                                                                                                                                             'properties': {'httpPath': {'type': 'string'},
                                                                                                                                                                                                                                            'kind': {'const': 'http',
                                                                                                                                                                                                                                                     'default': 'http',
                                                                                                                                                                                                                                                     'type': 'string'},
                                                                                                                                                                                                                                            'mergeAction': {'const': 'overwrite',
                                                                                                                                                                                                                                                            'default': 'overwrite',
                                                                                                                                                                                                                                                            'type': 'string'},
                                                                                                                                                                                                                                            'port': {'maximum': 65535,
                                                                                                                                                                                                                                                     'minimum': 1,
                                                                                                                                                                                                                                                     'type': 'number'}},
                                                                                                                                                                                                                             'required': ['kind',
                                                                                                                                                                                                                                          'httpPath',
                                                                                                                                                                                                                                          'port',
                                                                                                                                                                                                                                          'mergeAction'],
                                                                                                                                                                                                                             'type': 'object'},
                                                                                                                                                                                                                            {'additionalProperties': False,
                                                                                                                                                                                                                             'default': {},
                                                                                                                                                                                                                             'properties': {'host': {'type': 'string'},
                                                                                                                                                                                                                                            'httpPath': {'type': 'string'},
                                                                                                                                                                                                                                            'kind': {'const': 'httpWithHost',
                                                                                                                                                                                                                                                     'default': 'httpWithHost',
                                                                                                                                                                                                                                                     'type': 'string'},
                                                                                                                                                                                                                                            'mergeAction': {'const': 'overwrite',
                                                                                                                                                                                                                                                            'default': 'overwrite',
                                                                                                                                                                                                                                                            'type': 'string'},
                                                                                                                                                                                                                                            'port': {'maximum': 65535,
                                                                                                                                                                                                                                                     'minimum': 1,
                                                                                                                                                                                                                                                     'type': 'number'}},
                                                                                                                                                                                                                             'required': ['kind',
                                                                                                                                                                                                                                          'httpPath',
                                                                                                                                                                                                                                          'port',
                                                                                                                                                                                                                                          'host',
                                                                                                                                                                                                                                          'mergeAction'],
                                                                                                                                                                                                                             'type': 'object'},
                                                                                                                                                                                                                            {'additionalProperties': False,
                                                                                                                                                                                                                             'default': {},
                                                                                                                                                                                                                             'properties': {'kind': {'const': 'tcp',
                                                                                                                                                                                                                                                     'default': 'tcp',
                                                                                                                                                                                                                                                     'type': 'string'},
                                                                                                                                                                                                                                            'mergeAction': {'const': 'overwrite',
                                                                                                                                                                                                                                                            'default': 'overwrite',
                                                                                                                                                                                                                                                            'type': 'string'},
                                                                                                                                                                                                                                            'port': {'maximum': 65535,
                                                                                                                                                                                                                                                     'minimum': 1,
                                                                                                                                                                                                                                                     'type': 'number'}},
                                                                                                                                                                                                                             'required': ['kind',
                                                                                                                                                                                                                                          'port',
                                                                                                                                                                                                                                          'mergeAction'],
                                                                                                                                                                                                                             'type': 'object'}],
                                                                                                                                                                                                                  'default': {'mergeAction': 'overwrite'},
                                                                                                                                                                                                                  'discriminator': 'kind'},
                                                                                                                                                                                                        'successThreshold': {'default': 1,
                                                                                                                                                                                                                             'minimum': 1,
                                                                                                                                                                                                                             'type': 'number'},
                                                                                                                                                                                                        'timeoutSeconds': {'default': 1,
                                                                                                                                                                                                                           'minimum': 1,
                                                                                                                                                                                                                           'type': 'number'}},
                                                                                                                                                                                         'required': ['initialDelaySeconds',
                                                                                                                                                                                                      'periodSeconds',
                                                                                                                                                                                                      'timeoutSeconds',
                                                                                                                                                                                                      'successThreshold',
                                                                                                                                                                                                      'failureThreshold',
                                                                                                                                                                                                      'probe'],
                                                                                                                                                                                         'type': 'object'},
                                                                                                                                                                           'resources': {'additionalProperties': False,
                                                                                                                                                                                         'default': {},
                                                                                                                                                                                         'properties': {'cpu': {'additionalProperties': False,
                                                                                                                                                                                                                'default': {},
                                                                                                                                                                                                                'properties': {'limitMilliCPU': {'default': 200,
                                                                                                                                                                                                                                                 'minimum': 50,
                                                                                                                                                                                                                                                 'type': 'number'},
                                                                                                                                                                                                                               'requestMilliCPU': {'default': 200,
                                                                                                                                                                                                                                                   'minimum': 50,
                                                                                                                                                                                                                                                   'type': 'number'}},
                                                                                                                                                                                                                'required': ['limitMilliCPU',
                                                                                                                                                                                                                             'requestMilliCPU'],
                                                                                                                                                                                                                'type': 'object'},
                                                                                                                                                                                                        'memory': {'additionalProperties': False,
                                                                                                                                                                                                                   'default': {},
                                                                                                                                                                                                                   'properties': {'limitMiB': {'default': 200,
                                                                                                                                                                                                                                               'minimum': 32,
                                                                                                                                                                                                                                               'type': 'number'},
                                                                                                                                                                                                                                  'requestMiB': {'default': 200,
                                                                                                                                                                                                                                                 'minimum': 32,
                                                                                                                                                                                                                                                 'type': 'number'}},
                                                                                                                                                                                                                   'required': ['limitMiB',
                                                                                                                                                                                                                                'requestMiB'],
                                                                                                                                                                                                                   'type': 'object'}},
                                                                                                                                                                                         'required': ['cpu',
                                                                                                                                                                                                      'memory'],
                                                                                                                                                                                         'type': 'object'},
                                                                                                                                                                           'secretEnvs': {'allOf': [{'additionalProperties': True,
                                                                                                                                                                                                     'default': {},
                                                                                                                                                                                                     'properties': {},
                                                                                                                                                                                                     'type': 'object'},
                                                                                                                                                                                                    {'patternProperties': {'^(.*)$': {'additionalProperties': False,
                                                                                                                                                                                                                                      'default': {},
                                                                                                                                                                                                                                      'properties': {'key': {'type': 'string'},
                                                                                                                                                                                                                                                     'secretName': {'type': 'string'}},
                                                                                                                                                                                                                                      'required': ['key',
                                                                                                                                                                                                                                                   'secretName'],
                                                                                                                                                                                                                                      'type': 'object'}},
                                                                                                                                                                                                     'type': 'object'}],
                                                                                                                                                                                          'default': {}},
                                                                                                                                                                           'startup': {'additionalProperties': False,
                                                                                                                                                                                       'default': {},
                                                                                                                                                                                       'properties': {'failureThreshold': {'default': 3,
                                                                                                                                                                                                                           'minimum': 1,
                                                                                                                                                                                                                           'type': 'number'},
                                                                                                                                                                                                      'initialDelaySeconds': {'default': 0,
                                                                                                                                                                                                                              'minimum': 0,
                                                                                                                                                                                                                              'type': 'number'},
                                                                                                                                                                                                      'periodSeconds': {'default': 10,
                                                                                                                                                                                                                        'minimum': 1,
                                                                                                                                                                                                                        'type': 'number'},
                                                                                                                                                                                                      'probe': {'anyOf': [{'additionalProperties': False,
                                                                                                                                                                                                                           'default': {},
                                                                                                                                                                                                                           'properties': {'command': {'items': {'type': 'string'},
                                                                                                                                                                                                                                                      'type': 'array'},
                                                                                                                                                                                                                                          'kind': {'const': 'command',
                                                                                                                                                                                                                                                   'default': 'command',
                                                                                                                                                                                                                                                   'type': 'string'},
                                                                                                                                                                                                                                          'mergeAction': {'const': 'overwrite',
                                                                                                                                                                                                                                                          'default': 'overwrite',
                                                                                                                                                                                                                                                          'type': 'string'}},
                                                                                                                                                                                                                           'required': ['kind',
                                                                                                                                                                                                                                        'command',
                                                                                                                                                                                                                                        'mergeAction'],
                                                                                                                                                                                                                           'type': 'object'},
                                                                                                                                                                                                                          {'additionalProperties': False,
                                                                                                                                                                                                                           'default': {},
                                                                                                                                                                                                                           'properties': {'httpPath': {'type': 'string'},
                                                                                                                                                                                                                                          'kind': {'const': 'http',
                                                                                                                                                                                                                                                   'default': 'http',
                                                                                                                                                                                                                                                   'type': 'string'},
                                                                                                                                                                                                                                          'mergeAction': {'const': 'overwrite',
                                                                                                                                                                                                                                                          'default': 'overwrite',
                                                                                                                                                                                                                                                          'type': 'string'},
                                                                                                                                                                                                                                          'port': {'maximum': 65535,
                                                                                                                                                                                                                                                   'minimum': 1,
                                                                                                                                                                                                                                                   'type': 'number'}},
                                                                                                                                                                                                                           'required': ['kind',
                                                                                                                                                                                                                                        'httpPath',
                                                                                                                                                                                                                                        'port',
                                                                                                                                                                                                                                        'mergeAction'],
                                                                                                                                                                                                                           'type': 'object'},
                                                                                                                                                                                                                          {'additionalProperties': False,
                                                                                                                                                                                                                           'default': {},
                                                                                                                                                                                                                           'properties': {'host': {'type': 'string'},
                                                                                                                                                                                                                                          'httpPath': {'type': 'string'},
                                                                                                                                                                                                                                          'kind': {'const': 'httpWithHost',
                                                                                                                                                                                                                                                   'default': 'httpWithHost',
                                                                                                                                                                                                                                                   'type': 'string'},
                                                                                                                                                                                                                                          'mergeAction': {'const': 'overwrite',
                                                                                                                                                                                                                                                          'default': 'overwrite',
                                                                                                                                                                                                                                                          'type': 'string'},
                                                                                                                                                                                                                                          'port': {'maximum': 65535,
                                                                                                                                                                                                                                                   'minimum': 1,
                                                                                                                                                                                                                                                   'type': 'number'}},
                                                                                                                                                                                                                           'required': ['kind',
                                                                                                                                                                                                                                        'httpPath',
                                                                                                                                                                                                                                        'port',
                                                                                                                                                                                                                                        'host',
                                                                                                                                                                                                                                        'mergeAction'],
                                                                                                                                                                                                                           'type': 'object'},
                                                                                                                                                                                                                          {'additionalProperties': False,
                                                                                                                                                                                                                           'default': {},
                                                                                                                                                                                                                           'properties': {'kind': {'const': 'tcp',
                                                                                                                                                                                                                                                   'default': 'tcp',
                                                                                                                                                                                                                                                   'type': 'string'},
                                                                                                                                                                                                                                          'mergeAction': {'const': 'overwrite',
                                                                                                                                                                                                                                                          'default': 'overwrite',
                                                                                                                                                                                                                                                          'type': 'string'},
                                                                                                                                                                                                                                          'port': {'maximum': 65535,
                                                                                                                                                                                                                                                   'minimum': 1,
                                                                                                                                                                                                                                                   'type': 'number'}},
                                                                                                                                                                                                                           'required': ['kind',
                                                                                                                                                                                                                                        'port',
                                                                                                                                                                                                                                        'mergeAction'],
                                                                                                                                                                                                                           'type': 'object'}],
                                                                                                                                                                                                                'default': {'mergeAction': 'overwrite'},
                                                                                                                                                                                                                'discriminator': 'kind'},
                                                                                                                                                                                                      'successThreshold': {'default': 1,
                                                                                                                                                                                                                           'minimum': 1,
                                                                                                                                                                                                                           'type': 'number'},
                                                                                                                                                                                                      'timeoutSeconds': {'default': 1,
                                                                                                                                                                                                                         'minimum': 1,
                                                                                                                                                                                                                         'type': 'number'}},
                                                                                                                                                                                       'required': ['initialDelaySeconds',
                                                                                                                                                                                                    'periodSeconds',
                                                                                                                                                                                                    'timeoutSeconds',
                                                                                                                                                                                                    'successThreshold',
                                                                                                                                                                                                    'failureThreshold',
                                                                                                                                                                                                    'probe'],
                                                                                                                                                                                       'type': 'object'}},
                                                                                                                                                            'required': ['kind',
                                                                                                                                                                         'image',
                                                                                                                                                                         'imagePullPolicy',
                                                                                                                                                                         'resources',
                                                                                                                                                                         'readiness',
                                                                                                                                                                         'liveness',
                                                                                                                                                                         'startup',
                                                                                                                                                                         'ports',
                                                                                                                                                                         'envs',
                                                                                                                                                                         'secretEnvs'],
                                                                                                                                                            'type': 'object'}},
                                                                                                                              'required': ['tournament'],
                                                                                                                              'type': 'object'},
                                                                                                               'initContainers': {'additionalProperties': False,
                                                                                                                                  'default': {},
                                                                                                                                  'properties': {},
                                                                                                                                  'type': 'object'},
                                                                                                               'injectors': {'additionalProperties': False,
                                                                                                                             'default': {},
                                                                                                                             'properties': {},
                                                                                                                             'type': 'object'},
                                                                                                               'kind': {'const': 'statefulset',
                                                                                                                        'default': 'statefulset',
                                                                                                                        'type': 'string'},
                                                                                                               'metadata': {'additionalProperties': False,
                                                                                                                            'default': {},
                                                                                                                            'properties': {'labels': {'default': {},
                                                                                                                                                      'patternProperties': {'^(.*)$': {'type': 'string'}},
                                                                                                                                                      'type': 'object'}},
                                                                                                                            'required': ['labels'],
                                                                                                                            'type': 'object'},
                                                                                                               'monitorings': {'additionalProperties': False,
                                                                                                                               'default': {},
                                                                                                                               'properties': {'log': {'additionalProperties': False,
                                                                                                                                                      'default': {},
                                                                                                                                                      'properties': {'enabled': {'default': True,
                                                                                                                                                                                 'type': 'boolean'},
                                                                                                                                                                     'multiLineParser': {'anyOf': [{'const': '',
                                                                                                                                                                                                    'type': 'string'},
                                                                                                                                                                                                   {'const': 'peak_multiline_java',
                                                                                                                                                                                                    'type': 'string'}],
                                                                                                                                                                                         'default': ''}},
                                                                                                                                                      'required': ['enabled',
                                                                                                                                                                   'multiLineParser'],
                                                                                                                                                      'type': 'object'}},
                                                                                                                               'required': ['log'],
                                                                                                                               'type': 'object'},
                                                                                                               'nativeSidecarContainers': {'additionalProperties': False,
                                                                                                                                           'default': {},
                                                                                                                                           'properties': {},
                                                                                                                                           'type': 'object'},
                                                                                                               'permissions': {'additionalProperties': False,
                                                                                                                               'default': {},
                                                                                                                               'properties': {'serviceAccount': {'additionalProperties': False,
                                                                                                                                                                 'default': {},
                                                                                                                                                                 'properties': {'iamRole': {'type': 'string'}},
                                                                                                                                                                 'required': ['iamRole'],
                                                                                                                                                                 'type': 'object'}},
                                                                                                                               'required': ['serviceAccount'],
                                                                                                                               'type': 'object'},
                                                                                                               'podManagementPolicy': {'anyOf': [{'const': 'OrderedReady',
                                                                                                                                                  'type': 'string'},
                                                                                                                                                 {'const': 'Parallel',
                                                                                                                                                  'type': 'string'}],
                                                                                                                                       'default': 'OrderedReady'},
                                                                                                               'readinessGate': {'anyOf': [{'additionalProperties': False,
                                                                                                                                            'default': {},
                                                                                                                                            'properties': {'enabled': {'const': False,
                                                                                                                                                                       'default': False,
                                                                                                                                                                       'type': 'boolean'}},
                                                                                                                                            'required': ['enabled'],
                                                                                                                                            'type': 'object'},
                                                                                                                                           {'additionalProperties': False,
                                                                                                                                            'default': {},
                                                                                                                                            'properties': {'enabled': {'const': True,
                                                                                                                                                                       'default': True,
                                                                                                                                                                       'type': 'boolean'},
                                                                                                                                                           'sleepSeconds': {'type': 'number'}},
                                                                                                                                            'required': ['enabled',
                                                                                                                                                         'sleepSeconds'],
                                                                                                                                            'type': 'object'}],
                                                                                                                                 'discriminator': 'enabled'},
                                                                                                               'replicas': {'default': 2,
                                                                                                                            'maximum': 999,
                                                                                                                            'minimum': 0,
                                                                                                                            'type': 'number'},
                                                                                                               'scheduling': {'additionalProperties': False,
                                                                                                                              'default': {},
                                                                                                                              'properties': {'podDisruptionBudget': {'additionalProperties': False,
                                                                                                                                                                     'default': {},
                                                                                                                                                                     'properties': {'maxUnavailable': {'anyOf': [{'type': 'number'},
                                                                                                                                                                                                                 {'type': 'string'},
                                                                                                                                                                                                                 {'type': 'null'}],
                                                                                                                                                                                                       'default': None},
                                                                                                                                                                                    'minAvailable': {'anyOf': [{'default': 1,
                                                                                                                                                                                                                'minimum': 0,
                                                                                                                                                                                                                'type': 'number'},
                                                                                                                                                                                                               {'type': 'string'}]}},
                                                                                                                                                                     'required': ['minAvailable',
                                                                                                                                                                                  'maxUnavailable'],
                                                                                                                                                                     'type': 'object'}},
                                                                                                                              'required': ['podDisruptionBudget'],
                                                                                                                              'type': 'object'},
                                                                                                               'secrets': {'additionalProperties': False,
                                                                                                                           'default': {},
                                                                                                                           'properties': {},
                                                                                                                           'type': 'object'},
                                                                                                               'storages': {'additionalProperties': False,
                                                                                                                            'default': {},
                                                                                                                            'properties': {'data': {'additionalProperties': False,
                                                                                                                                                    'default': {},
                                                                                                                                                    'properties': {'accessModes': {'default': ['ReadWriteOnce'],
                                                                                                                                                                                   'items': {'anyOf': [{'const': 'ReadWriteOnce',
                                                                                                                                                                                                        'type': 'string'},
                                                                                                                                                                                                       {'const': 'ReadOnlyMany',
                                                                                                                                                                                                        'type': 'string'},
                                                                                                                                                                                                       {'const': 'ReadWriteMany',
                                                                                                                                                                                                        'type': 'string'},
                                                                                                                                                                                                       {'const': 'ReadWriteOncePod',
                                                                                                                                                                                                        'type': 'string'}],
                                                                                                                                                                                             'default': 'ReadWriteOnce'},
                                                                                                                                                                                   'type': 'array'},
                                                                                                                                                                   'storageClass': {'default': 'gp3',
                                                                                                                                                                                    'type': 'string'},
                                                                                                                                                                   'storageGibiBytes': {'default': 50,
                                                                                                                                                                                        'minimum': 10,
                                                                                                                                                                                        'type': 'number'}},
                                                                                                                                                    'required': ['accessModes',
                                                                                                                                                                 'storageGibiBytes',
                                                                                                                                                                 'storageClass'],
                                                                                                                                                    'type': 'object'}},
                                                                                                                            'required': ['data'],
                                                                                                                            'type': 'object'},
                                                                                                               'strategy': {'additionalProperties': False,
                                                                                                                            'default': {},
                                                                                                                            'properties': {'kind': {'const': 'rollingupdate',
                                                                                                                                                    'default': 'rollingupdate',
                                                                                                                                                    'type': 'string'},
                                                                                                                                           'mergeAction': {'const': 'overwrite',
                                                                                                                                                           'default': 'overwrite',
                                                                                                                                                           'type': 'string'},
                                                                                                                                           'rollingUpdate': {'additionalProperties': False,
                                                                                                                                                             'default': {'partition': 0},
                                                                                                                                                             'properties': {'partition': {'default': 0,
                                                                                                                                                                                          'minimum': 0,
                                                                                                                                                                                          'type': 'number'}},
                                                                                                                                                             'required': ['partition'],
                                                                                                                                                             'type': 'object'}},
                                                                                                                            'required': ['kind',
                                                                                                                                         'rollingUpdate',
                                                                                                                                         'mergeAction'],
                                                                                                                            'type': 'object'},
                                                                                                               'terminationGracePeriodSeconds': {'default': 30,
                                                                                                                                                 'maximum': 9999,
                                                                                                                                                 'minimum': 0,
                                                                                                                                                 'type': 'number'},
                                                                                                               'topologySpread': {'default': [{'matchLabelKeys': [],
                                                                                                                                               'maxSkew': 1,
                                                                                                                                               'minDomains': 1,
                                                                                                                                               'nodeAffinityPolicy': 'Honor',
                                                                                                                                               'nodeTaintsPolicy': 'Honor',
                                                                                                                                               'topologyKey': 'topology.kubernetes.io/zone',
                                                                                                                                               'whenUnsatisfiable': 'DoNotSchedule'}],
                                                                                                                                  'items': {'anyOf': [{'additionalProperties': False,
                                                                                                                                                       'default': {},
                                                                                                                                                       'properties': {'matchLabelKeys': {'default': [],
                                                                                                                                                                                         'items': {'type': 'string'},
                                                                                                                                                                                         'type': 'array'},
                                                                                                                                                                      'maxSkew': {'default': 1,
                                                                                                                                                                                  'minimum': 1,
                                                                                                                                                                                  'type': 'number'},
                                                                                                                                                                      'minDomains': {'default': 1,
                                                                                                                                                                                     'minimum': 0,
                                                                                                                                                                                     'type': 'number'},
                                                                                                                                                                      'nodeAffinityPolicy': {'anyOf': [{'const': 'Honor',
                                                                                                                                                                                                        'type': 'string'},
                                                                                                                                                                                                       {'const': 'Ignore',
                                                                                                                                                                                                        'type': 'string'}],
                                                                                                                                                                                             'default': 'Honor'},
                                                                                                                                                                      'nodeTaintsPolicy': {'anyOf': [{'const': 'Honor',
                                                                                                                                                                                                      'type': 'string'},
                                                                                                                                                                                                     {'const': 'Ignore',
                                                                                                                                                                                                      'type': 'string'}],
                                                                                                                                                                                           'default': 'Honor'},
                                                                                                                                                                      'topologyKey': {'anyOf': [{'const': 'kubernetes.io/hostname',
                                                                                                                                                                                                 'type': 'string'},
                                                                                                                                                                                                {'const': 'topology.kubernetes.io/zone',
                                                                                                                                                                                                 'type': 'string'},
                                                                                                                                                                                                {'const': 'topology.kubernetes.io/region',
                                                                                                                                                                                                 'type': 'string'}]},
                                                                                                                                                                      'whenUnsatisfiable': {'const': 'DoNotSchedule',
                                                                                                                                                                                            'default': 'DoNotSchedule',
                                                                                                                                                                                            'type': 'string'}},
                                                                                                                                                       'required': ['matchLabelKeys',
                                                                                                                                                                    'maxSkew',
                                                                                                                                                                    'minDomains',
                                                                                                                                                                    'nodeAffinityPolicy',
                                                                                                                                                                    'nodeTaintsPolicy',
                                                                                                                                                                    'topologyKey',
                                                                                                                                                                    'whenUnsatisfiable'],
                                                                                                                                                       'type': 'object'},
                                                                                                                                                      {'additionalProperties': False,
                                                                                                                                                       'default': {},
                                                                                                                                                       'properties': {'matchLabelKeys': {'default': [],
                                                                                                                                                                                         'items': {'type': 'string'},
                                                                                                                                                                                         'type': 'array'},
                                                                                                                                                                      'maxSkew': {'default': 1,
                                                                                                                                                                                  'minimum': 1,
                                                                                                                                                                                  'type': 'number'},
                                                                                                                                                                      'nodeAffinityPolicy': {'anyOf': [{'const': 'Honor',
                                                                                                                                                                                                        'type': 'string'},
                                                                                                                                                                                                       {'const': 'Ignore',
                                                                                                                                                                                                        'type': 'string'}],
                                                                                                                                                                                             'default': 'Honor'},
                                                                                                                                                                      'nodeTaintsPolicy': {'anyOf': [{'const': 'Honor',
                                                                                                                                                                                                      'type': 'string'},
                                                                                                                                                                                                     {'const': 'Ignore',
                                                                                                                                                                                                      'type': 'string'}],
                                                                                                                                                                                           'default': 'Honor'},
                                                                                                                                                                      'topologyKey': {'anyOf': [{'const': 'kubernetes.io/hostname',
                                                                                                                                                                                                 'type': 'string'},
                                                                                                                                                                                                {'const': 'topology.kubernetes.io/zone',
                                                                                                                                                                                                 'type': 'string'},
                                                                                                                                                                                                {'const': 'topology.kubernetes.io/region',
                                                                                                                                                                                                 'type': 'string'}]},
                                                                                                                                                                      'whenUnsatisfiable': {'const': 'ScheduleAnyway',
                                                                                                                                                                                            'default': 'ScheduleAnyway',
                                                                                                                                                                                            'type': 'string'}},
                                                                                                                                                       'required': ['matchLabelKeys',
                                                                                                                                                                    'maxSkew',
                                                                                                                                                                    'nodeAffinityPolicy',
                                                                                                                                                                    'nodeTaintsPolicy',
                                                                                                                                                                    'topologyKey',
                                                                                                                                                                    'whenUnsatisfiable'],
                                                                                                                                                       'type': 'object'}]},
                                                                                                                                  'type': 'array'}},
                                                                                                'required': ['kind',
                                                                                                             'metadata',
                                                                                                             'replicas',
                                                                                                             'automountServiceAccountToken',
                                                                                                             'terminationGracePeriodSeconds',
                                                                                                             'initContainers',
                                                                                                             'nativeSidecarContainers',
                                                                                                             'containers',
                                                                                                             'secrets',
                                                                                                             'strategy',
                                                                                                             'permissions',
                                                                                                             'storages',
                                                                                                             'injectors',
                                                                                                             'monitorings',
                                                                                                             'topologySpread',
                                                                                                             'scheduling',
                                                                                                             'readinessGate',
                                                                                                             'podManagementPolicy'],
                                                                                                'type': 'object'}},
                                                                  'required': ['tournament'],
                                                                  'type': 'object'}},
                                  'required': ['deployments',
                                               'statefulsets',
                                               'rollouts',
                                               'daemonsets',
                                               'cronjobs',
                                               'jobs'],
                                  'type': 'object'}},
     'required': ['namespace',
                  'serviceGroup',
                  'serviceEnv',
                  'workloads',
                  'ingresses',
                  'services',
                  'storages'],
     'type': 'object'}

On instance:
    {'ingresses': {'albs': {}, 'nginxes': {}},
     'namespace': 'bigdata',
     'serviceEnv': 'test',
     'serviceGroup': 'tournament',
     'services': {'natives': {},
                  'nlbs': {'tournament': {'accessLogs': {'enabled': False,
                                                         'mergeAction': 'overwrite'},
                                          'clientRoutingPolicy': 'any_availability_zone',
                                          'crossZoneLoadBalancing': True,
                                          'deletionProtection': True,
                                          'deregistrationConnectionTermination': False,
                                          'deregistrationDelay': 1,
                                          'healthcheck': {'healthyThreshold': 3,
                                                          'interval': 10,
                                                          'port': 'traffic-port',
                                                          'probe': {'kind': 'http',
                                                                    'mergeAction': 'overwrite',
                                                                    'path': '/ready',
                                                                    'protocol': 'HTTP',
                                                                    'successCodes': '200'},
                                                          'timeout': 10,
                                                          'unhealthyThreshold': 3},
                                          'ports': {'grpc': {'name': 'grpc',
                                                             'port': 4444,
                                                             'protocol': 'TCP',
                                                             'targetPort': 4444}},
                                          'preserveClientIP': False,
                                          'proxyProtocol': False,
                                          'schema': 'internal',
                                          'ssl': {'enabled': False,
                                                  'mergeAction': 'overwrite'},
                                          'tags': []}}},
     'storages': {'data': {'accessModes': ['ReadWriteOnce'],
                           'storageClass': 'gp3',
                           'storageGibiBytes': 50}},
     'workloads': {'cronjobs': {},
                   'daemonsets': {},
                   'deployments': {},
                   'jobs': {},
                   'rollouts': {},
                   'statefulsets': {'tournament': {'automountServiceAccountToken': True,
                                                   'containers': {'tournament': {'envs': {},
                                                                                 'image': 'tournament:3.2.2',
                                                                                 'imagePullPolicy': 'IfNotPresent',
                                                                                 'kind': 'container',
                                                                                 'liveness': {'failureThreshold': 3,
                                                                                              'initialDelaySeconds': 0,
                                                                                              'periodSeconds': 10,
                                                                                              'probe': {'httpPath': '/live',
                                                                                                        'kind': 'http',
                                                                                                        'mergeAction': 'overwrite',
                                                                                                        'port': 4444},
                                                                                              'successThreshold': 1,
                                                                                              'timeoutSeconds': 1},
                                                                                 'ports': {'grpc': {'name': 'grpc',
                                                                                                    'port': 4444,
                                                                                                    'protocol': 'TCP'}},
                                                                                 'readiness': {'failureThreshold': 3,
                                                                                               'initialDelaySeconds': 0,
                                                                                               'periodSeconds': 10,
                                                                                               'probe': {'httpPath': '/ready',
                                                                                                         'kind': 'http',
                                                                                                         'mergeAction': 'overwrite',
                                                                                                         'port': 4444},
                                                                                               'successThreshold': 1,
                                                                                               'timeoutSeconds': 1},
                                                                                 'resources': {'cpu': {'limitMilliCPU': 500000,
                                                                                                       'requestMilliCPU': 2000},
                                                                                               'memory': {'limitMiB': 2147483648,
                                                                                                          'requestMiB': 4096}},
                                                                                 'secretEnvs': {},
                                                                                 'startup': {'failureThreshold': 3,
                                                                                             'initialDelaySeconds': 0,
                                                                                             'periodSeconds': 10,
                                                                                             'probe': {'httpPath': '/start',
                                                                                                       'kind': 'http',
                                                                                                       'mergeAction': 'overwrite',
                                                                                                       'port': 4444},
                                                                                             'successThreshold': 1,
                                                                                             'timeoutSeconds': 1}}}}},
                   'initContainers': {},
                   'injectors': {}},
     'kind': 'statefulset',
     'metadata': {'labels': {}},
     'monitorings': {'log': {'enabled': True, 'multiLineParser': ''}},
     'nativeSidecarContainers': {},
     'permissions': {'serviceAccount': {'iamRole': 'arn:aws:iam::111111111111:role/kubernetes-test-tournament'}},
     'podManagementPolicy': 'OrderedReady',
     'readinessGate': {'enabled': False},
     'replicas': 2,
     'scheduling': {'podDisruptionBudget': {'maxUnavailable': None,
                                            'minAvailable': 1}},
     'secrets': {},
     'strategy': {'kind': 'rollingupdate',
                  'mergeAction': 'overwrite',
                  'rollingUpdate': {'partition': 0}},
     'terminationGracePeriodSeconds': 30,
     'topologySpread': [{'matchLabelKeys': [],
                         'maxSkew': 1,
                         'minDomains': 1,
                         'nodeAffinityPolicy': 'Honor',
                         'nodeTaintsPolicy': 'Honor',
                         'topologyKey': 'topology.kubernetes.io/zone',
                         'whenUnsatisfiable': 'DoNotSchedule'}]}
INFO:werkzeug:172.18.0.1 - - [05/Feb/2026 00:56:14] "[31m[1mPOST /message HTTP/1.1[0m" 422 -
